"booking_id","booking_datetime","city","service_type","customer_segment","customer_age","driver_status","driver_experience_years","payment_method","booking_channel","distance_km","estimated_duration_min","actual_duration_min","waiting_time_min","traffic_level","weather_condition","promo_code_used","discount_amount_vnd","basket_value_vnd","fare_amount_vnd","driver_rating","customer_rating","completed_flag","cancellation_reason","loyalty_points_earned","booking_hour","booking_day","is_weekend","time_period","estimated_speed_kmh","distance_invalid","distance_km_clean"
"GB2025000001",2025-08-05 04:41:00,"Can Tho","GrabFood","Working Professional",38,"Preferred",1.5,"Cash","Mobile App",4.91,15.4,18.2,4.5,"High","Cloudy","WEEKEND",5000,367000,14000,"4.5","4.8","1",NA,"1",4,"Tuesday","Weekday","Early Morning",19.1298701298701,FALSE,4.91
"GB2025000002",2025-03-22 10:28:00,"Ho Chi Minh City","GrabFood","Corporate",43,"Preferred",NA,"Card","Mobile App",2.44,5.8,NA,2.2,"Low","Cloudy","None",0,91000,9000,NA,"4.9","1",NA,"0",10,"Saturday","Weekend","Morning",25.2413793103448,FALSE,2.44
"GB2025000004",2025-07-02 15:56:00,"Hai Phong","GrabFood","Student",30,"High Performer",2.8,"Card","Mobile App",1.79,6.7,8,3.8,"Medium","Rain","None",0,247000,23000,"4.3","4.8","1",NA,"2",15,"Wednesday","Weekday","Afternoon",16.0298507462687,FALSE,1.79
"GB2025000010",2025-12-24 23:48:00,"Da Nang","GrabMart","Tourist",56,"Standard",0.4,"Card","Mobile App",3.58,15,14.3,6.6,"Medium","Cloudy","WEEKEND",4000,279000,26000,"3.9","4.5","1",NA,"2",23,"Wednesday","Weekday","Night",14.32,FALSE,3.58
"GB2025000026",2025-03-26 20:28:00,"Hanoi","GrabMart","Family",19,"New",4.9,"Cash","Mobile App",2,6.8,6.2,11.3,"High","Clear","None",0,57000,7000,"4.6","5","1",NA,"0",20,"Wednesday","Weekday","Evening",17.6470588235294,FALSE,2
"GB2025000029",2025-01-03 04:37:00,"Hanoi","GrabFood","Frequent User",43,"Standard",6.6,"Cash","Mobile App",1.71,8.8,8,2.2,"Medium","Clear","None",0,181000,11000,"4.6","3.6","1",NA,"1",4,"Friday","Weekday","Early Morning",11.6590909090909,FALSE,1.71
"GB2025000033",2025-06-21 10:39:00,"Da Nang","GrabFood","Working Professional",44,"High Performer",5.2,"Corporate Account","Mobile App",2.32,10.8,14,3.8,"Low","Cloudy","WEEKEND",4000,418000,11000,"4.7","4.4","1",NA,"1",10,"Saturday","Weekend","Morning",12.8888888888889,FALSE,2.32
"GB2025000040",2025-08-09 08:21:00,"Ho Chi Minh City","GrabFood","Family",35,"Standard",1.4,"Moca Wallet","Mobile App",3.89,19.8,22.8,3.1,"Medium","Clear","None",0,275000,27000,"4.2","4.0","1",NA,"2",8,"Saturday","Weekend","Morning",11.7878787878788,FALSE,3.89
"GB2025000042",2025-07-28 02:26:00,"Ho Chi Minh City","GrabFood","Student",22,"High Performer",0.4,"Corporate Account","Mobile App",2.94,13.3,12.2,1.7,"Medium","Clear","None",0,275000,28000,"5","5","1",NA,"2",2,"Monday","Weekday","Early Morning",13.2631578947368,FALSE,2.94
"GB2025000049",2025-06-20 22:30:00,"Hanoi","GrabMart","Student",18,"New",1,"Moca Wallet","Mobile App",5.67,29,38.6,4.1,"Medium","Cloudy",NA,0,130000,16000,"5","4.9","1",NA,"1",22,"Friday","Weekday","Night",11.7310344827586,FALSE,5.67
"GB2025000051",2025-05-17 14:02:00,"Bien Hoa","GrabMart","Tourist",58,"Standard",1.8,"Moca Wallet","Mobile App",1.65,7.5,9.9,11.4,"Medium","Rain","WEEKEND",2000,272000,15000,"4.4","4.7","1",NA,"1",14,"Saturday","Weekend","Afternoon",13.2,FALSE,1.65
"GB2025000053",2025-09-02 23:23:00,"Ho Chi Minh City","GrabFood","Tourist",56,"New",1.2,"Moca Wallet","Mobile App",2.32,9.2,9.3,NA,"Medium","Clear","None",0,314000,26000,"4.5","4.9","1",NA,"2",23,"Tuesday","Weekday","Night",15.1304347826087,FALSE,2.32
"GB2025000066",2025-12-10 20:54:00,"Hanoi","GrabFood","Student",61,"New",1.7,"Moca Wallet","Mobile App",2.69,9.2,12,6.5,"Low","Clear","WEEKEND",1000,336000,14000,"4.6","4.8","1",NA,"1",20,"Wednesday","Weekday","Evening",17.5434782608696,FALSE,2.69
"GB2025000069",2025-09-17 16:42:00,"Da Nang","GrabMart","Family",56,"High Performer",1.6,"Moca Wallet","Partner App",5.75,26.5,31.6,5.7,"High","Clear","None",0,69000,18000,"4.1","4.4","1",NA,"1",16,"Wednesday","Weekday","Afternoon",13.0188679245283,FALSE,5.75
"GB2025000074",2025-04-23 00:50:00,"Ho Chi Minh City","GrabFood","Tourist",30,"High Performer",4.5,"Cash","Mobile App",5.07,21.7,24,9,"Low","Heavy Rain","None",0,47000,11000,NA,NA,"0","Driver unavailable","0",0,"Wednesday","Weekday","Early Morning",14.0184331797235,FALSE,5.07
"GB2025000075",2025-04-22 16:39:00,"Hanoi","GrabFood","Family",18,"Standard",6.1,"Moca Wallet","Mobile App",2.51,7.7,7.1,7.9,"Low","Clear","LOYALTY",3000,226000,15000,"4.6","4.2","1",NA,"1",16,"Tuesday","Weekday","Afternoon",19.5584415584416,FALSE,2.51
"GB2025000082",2025-07-02 07:38:00,"Ho Chi Minh City","GrabFood","Corporate",49,"High Performer",0.3,"Moca Wallet","Mobile App",2.77,7.4,8.7,3,"Medium","Cloudy","LOYALTY",4000,155000,9000,"4.3","4.9","1",NA,"0",7,"Wednesday","Weekday","Morning",22.4594594594595,FALSE,2.77
"GB2025000084",2025-08-20 08:09:00,"Ho Chi Minh City","GrabFood","Family",21,"Standard",13.6,"Card","Mobile App",1.6,5.2,6.9,15.9,"High","Rain","None",0,123000,14000,"4.8","3.9","1",NA,"1",8,"Wednesday","Weekday","Morning",18.4615384615385,FALSE,1.6
"GB2025000086",2025-12-24 15:24:00,"Da Nang","GrabMart","Family",61,"New",2.5,"Card","Mobile App",3.15,14.8,19.7,6.4,"Low","Clear","FOOD20",3000,116000,12000,NA,NA,"0","Long wait time","0",15,"Wednesday","Weekday","Afternoon",12.7702702702703,FALSE,3.15
"GB2025000089",2025-01-18 06:11:00,"Hanoi","GrabFood","Working Professional",42,"Preferred",0.4,"Card","Mobile App",2.11,11.1,13.6,8.5,"Medium","Clear","LOYALTY",1000,118000,11000,"4.6","4.1","1",NA,"1",6,"Saturday","Weekend","Morning",11.4054054054054,FALSE,2.11
"GB2025000090",2025-07-29 17:39:00,"Hanoi","GrabMart","Corporate",54,"New",2.6,"Card","Partner App",3.92,13.7,12,7.2,"Low","Rain","None",0,436000,28000,"4.5","4.3","1",NA,"2",17,"Tuesday","Weekday","Evening",17.1678832116788,FALSE,3.92
"GB2025000101",2025-01-17 20:29:00,"Da Nang","GrabFood","Tourist",37,"Standard",0.8,"Cash","Mobile App",1,3.5,4.7,3.8,"Low","Rain","None",0,449000,35000,"4.6","4.4","1",NA,"3",20,"Friday","Weekday","Evening",17.1428571428571,FALSE,1
"GB2025000108",2025-01-16 04:09:00,"Hanoi","GrabMart","Working Professional",61,"High Performer",2.6,"Moca Wallet","Mobile App",2.23,10.4,10.1,7.6,"Medium","Clear","None",0,161000,17000,"4.2","4.6","1",NA,"1",4,"Thursday","Weekday","Early Morning",12.8653846153846,FALSE,2.23
"GB2025000112",2025-11-26 23:16:00,"Da Nang","GrabMart","Tourist",20,"New",4.3,"Cash","Mobile App",3.71,16.6,16.9,5.2,"Low","Clear","None",0,382000,24000,"4.4","3.7","1",NA,"2",23,"Wednesday","Weekday","Night",13.4096385542169,FALSE,3.71
"GB2025000114",2025-09-22 00:35:00,"Hanoi","GrabFood","Student",21,"Standard",1.8,"Cash","Mobile App",1.79,11.1,14.1,2.3,"Severe","Clear","FOOD20",2000,426000,33000,"4.1","4.8","1",NA,"3",0,"Monday","Weekday","Early Morning",9.67567567567568,FALSE,1.79
"GB2025000124",2025-09-06 01:22:00,"Bien Hoa","GrabFood","Family",48,"New",1.2,"Cash","Mobile App",3.3,17.7,23.3,9.4,"Medium","Cloudy","None",0,217000,15000,"5","3.8","1",NA,"1",1,"Saturday","Weekend","Early Morning",11.1864406779661,FALSE,3.3
"GB2025000125",2025-06-13 01:11:00,"Da Nang","GrabMart","Tourist",27,"New",3.9,"Card","Mobile App",2.48,7.7,9.5,2.7,"High",NA,"None",0,298000,16000,"5","5.0","1",NA,"1",1,"Friday","Weekday","Early Morning",19.3246753246753,FALSE,2.48
"GB2025000127",2025-03-23 06:21:00,"Ho Chi Minh City","GrabFood","Student",41,"Standard",1.8,"Corporate Account","Mobile App",4.59,20,17.2,3,"Medium","Clear","RIDE10",2000,230000,20000,"4.3","5","1",NA,"2",6,"Sunday","Weekend","Morning",13.77,FALSE,4.59
"GB2025000128",2025-11-14 02:50:00,"Hanoi","GrabFood","Working Professional",47,"Preferred",3.1,"Card","Mobile App",2.66,12.5,NA,10.5,"High","Clear","RIDE10",2000,358000,18000,"4.7","3.6","1",NA,"1",2,"Friday","Weekday","Early Morning",12.768,FALSE,2.66
"GB2025000132",2025-04-06 09:33:00,"Ho Chi Minh City","GrabFood","Student",43,"New",0.6,"Cash","Mobile App",3.95,16.7,15.9,3.6,"Medium","Clear","None",0,392000,32000,NA,"4.9","1",NA,"3",9,"Sunday","Weekend","Morning",14.1916167664671,FALSE,3.95
"GB2025000138",2025-12-10 05:22:00,"Ho Chi Minh City","GrabMart","Tourist",30,"Preferred",1.2,"Card","Mobile App",5.58,25.7,33.5,5,"Medium","Clear","WEEKEND",4000,55000,8000,"4.0","4.2","1",NA,"0",5,"Wednesday","Weekday","Early Morning",13.0272373540856,FALSE,5.58
"GB2025000148",2025-07-23 01:35:00,"Hanoi","GrabMart","Family",37,"High Performer",2,"Moca Wallet","Mobile App",2.56,11.6,10.7,5.3,"High","Clear","FOOD20",5000,57000,11000,"4.7","4.6","1",NA,"1",1,"Wednesday","Weekday","Early Morning",13.2413793103448,FALSE,2.56
"GB2025000155",2025-06-07 16:39:00,"Hanoi","GrabMart","Corporate",20,"New",0.7,"Moca Wallet","Mobile App",13.07,56,52.1,5.1,"Low","Clear","RIDE10",6000,73000,11000,"5","4.4","1",NA,"1",16,"Saturday","Weekend","Afternoon",14.0035714285714,FALSE,13.07
"GB2025000158",2025-09-26 02:02:00,"Ho Chi Minh City","GrabFood","Corporate",23,"Preferred",2.6,"Moca Wallet","Partner App",2.43,9.8,8.6,4.1,"Medium","Clear","None",0,307000,17000,"5","3.8","1",NA,"1",2,"Friday","Weekday","Early Morning",14.8775510204082,FALSE,2.43
"GB2025000159",2025-11-04 03:57:00,"Ho Chi Minh City","GrabFood","Frequent User",56,"High Performer",1.7,"Moca Wallet","Mobile App",3.88,18.7,25,4.7,"Medium",NA,"None",0,2e+05,14000,"4.6","5","1",NA,"1",3,"Tuesday","Weekday","Early Morning",12.4491978609626,FALSE,3.88
"GB2025000164",2025-11-14 09:19:00,"Ho Chi Minh City","GrabMart","Corporate",27,"New",3.1,"Moca Wallet","Mobile App",10.22,28.5,38,2.8,"Medium","Clear","None",0,156000,34000,"5","4.2","1",NA,"3",9,"Friday","Weekday","Morning",21.5157894736842,FALSE,10.22
"GB2025000167",2025-06-29 12:55:00,"Hanoi","GrabFood","Family",25,"New",1.1,"Moca Wallet","Mobile App",3.18,7.6,6.5,3.3,"Low",NA,"WELCOME",4000,364000,13000,"4.7","4.1","1",NA,"1",12,"Sunday","Weekend","Lunch",25.1052631578947,FALSE,3.18
"GB2025000170",2025-01-14 11:33:00,"Nha Trang","GrabMart","Frequent User",52,"High Performer",0.7,"Cash","Mobile App",6.94,29.1,37.7,4.9,"Low","Clear","WEEKEND",8000,123000,12000,NA,"4.7","1",NA,"1",11,"Tuesday","Weekday","Lunch",14.3092783505155,FALSE,6.94
"GB2025000171",2025-10-16 02:10:00,"Hanoi","GrabFood","Frequent User",46,"Standard",2.3,"Card","Mobile App",2.18,8.2,7,6.6,"Low","Clear","FOOD20",3000,87000,6000,"3.9","4.7","1",NA,"0",2,"Thursday","Weekday","Early Morning",15.9512195121951,FALSE,2.18
"GB2025000175",2025-11-24 13:57:00,"Ho Chi Minh City","GrabFood","Family",44,"Preferred",1.9,"Corporate Account","Partner App",8.31,23.3,24.6,2.3,"Medium","Clear","None",0,311000,20000,"5","3.9","1",NA,"2",13,"Monday","Weekday","Lunch",21.3991416309013,FALSE,8.31
"GB2025000176",2025-09-14 07:27:00,"Bien Hoa","GrabFood","Student",54,"Preferred",6.9,"Card","Mobile App",1.71,5.3,4.8,10.4,"High","Cloudy","None",0,325000,26000,"4.6","4.2","1",NA,"2",7,"Sunday","Weekend","Morning",19.3584905660377,FALSE,1.71
"GB2025000178",2025-03-28 05:35:00,"Hai Phong","GrabFood","Working Professional",49,"High Performer",1.3,"Card","Mobile App",6.72,28,31.5,7.2,"Low","Clear","WELCOME",9000,369000,21000,"4.4","4.6","1",NA,"2",5,"Friday","Weekday","Early Morning",14.4,FALSE,6.72
"GB2025000181",2025-11-07 23:17:00,"Hue","GrabFood","Family",37,"New",2.4,"Cash","Mobile App",2.14,10.9,12.1,4.2,"High","Cloudy","None",0,321000,20000,"5","4.6","1",NA,"2",23,"Friday","Weekday","Night",11.7798165137615,FALSE,2.14
"GB2025000183",2025-01-05 09:17:00,"Ho Chi Minh City","GrabFood","Tourist",60,"New",1,"Card","Mobile App",2.97,12.1,14.8,3.6,"Medium","Clear","None",0,204000,15000,"4.6","4.4","1",NA,"1",9,"Sunday","Weekend","Morning",14.7272727272727,FALSE,2.97
"GB2025000191",2025-07-04 13:51:00,"Can Tho","GrabFood","Tourist",50,"New",3.3,"Cash","Mobile App",2.91,9.4,10.6,3.2,"Low","Cloudy","LOYALTY",5000,136000,9000,"4.3","5","1",NA,"0",13,"Friday","Weekday","Lunch",18.5744680851064,FALSE,2.91
"GB2025000195",2025-02-03 10:14:00,"Ho Chi Minh City","GrabMart","Frequent User",52,"High Performer",3.8,"Moca Wallet","Mobile App",2.77,17.1,19.4,8.2,"High","Cloudy","FOOD20",5000,176000,13000,"4.6","4.0","1",NA,"1",10,"Monday","Weekday","Morning",9.71929824561403,FALSE,2.77
"GB2025000198",2025-01-17 20:11:00,"Da Nang","GrabFood","Frequent User",54,"New",1.9,"Card","Mobile App",1.06,3.4,3.6,5.8,"Medium","Clear","LOYALTY",3000,198000,10000,"5","5","1",NA,"1",20,"Friday","Weekday","Evening",18.7058823529412,FALSE,1.06
"GB2025000201",2025-07-14 12:45:00,"Hanoi","GrabMart","Tourist",33,"Preferred",0.3,"Moca Wallet","Mobile App",3.63,10.8,NA,6,"Low","Clear","RIDE10",5000,94000,5000,"4.4","4.9","1",NA,"0",12,"Monday","Weekday","Lunch",20.1666666666667,FALSE,3.63
"GB2025000203",2025-06-03 07:18:00,"Hanoi","GrabFood","Working Professional",35,"Preferred",0.7,"Moca Wallet","Mobile App",7.92,40.1,41.7,9.7,"High","Cloudy","WEEKEND",5000,146000,17000,"4.8","3.8","1",NA,"1",7,"Tuesday","Weekday","Morning",11.8503740648379,FALSE,7.92
"GB2025000207",2025-11-20 03:38:00,"Hanoi","GrabMart","Student",46,"Preferred",2.8,"Cash","Mobile App",5.48,35.8,42.6,9.3,"Severe","Clear","WELCOME",3000,178000,27000,"3.4","4.1","1",NA,"2",3,"Thursday","Weekday","Early Morning",9.18435754189944,FALSE,5.48
"GB2025000208",2025-09-12 15:57:00,"Ho Chi Minh City","GrabFood","Student",33,"Preferred",1.8,"Moca Wallet","Mobile App",3.05,15.3,16.6,3.1,"Medium","Clear","WEEKEND",1000,2e+05,17000,"4.5","3.7","1",NA,"1",15,"Friday","Weekday","Afternoon",11.9607843137255,FALSE,3.05
"GB2025000209",2025-04-16 19:18:00,"Ho Chi Minh City","GrabFood","Student",50,"New",2.3,"Moca Wallet","Mobile App",1.46,11,14.1,6.4,"Severe","Clear","None",0,141000,17000,"4.8","3.4","1",NA,"1",19,"Wednesday","Weekday","Evening",7.96363636363636,FALSE,1.46
"GB2025000211",2025-07-16 01:36:00,"Hai Phong","GrabFood","Student",44,"High Performer",2.5,"Moca Wallet","Mobile App",2.05,5.2,6.1,5.7,"Low","Cloudy","None",0,311000,27000,"4.1","4.9","1",NA,"2",1,"Wednesday","Weekday","Early Morning",23.6538461538461,FALSE,2.05
"GB2025000223",2025-01-06 20:40:00,"Can Tho","GrabMart","Tourist",61,"Standard",3.8,"Moca Wallet","Partner App",5.2,17.9,15.4,5.1,"Low","Cloudy","WELCOME",3000,326000,24000,"5","3.9","1",NA,"2",20,"Monday","Weekday","Evening",17.4301675977654,FALSE,5.2
"GB2025000225",2025-12-03 11:04:00,"Da Nang","GrabMart","Tourist",24,"New",0.4,"Card","Mobile App",2.2,9.1,8.1,4.3,"High","Clear","WELCOME",5000,437000,28000,"5","5","1",NA,"2",11,"Wednesday","Weekday","Lunch",14.5054945054945,FALSE,2.2
"GB2025000227",2025-10-03 17:58:00,"Ho Chi Minh City","GrabMart","Student",29,"High Performer",2.2,"Cash","Mobile App",3.16,12.2,13.1,4.5,"Medium","Clear","FOOD20",7000,449000,35000,"5","5","1",NA,"3",17,"Friday","Weekday","Evening",15.5409836065574,FALSE,3.16
"GB2025000231",2025-08-08 02:52:00,"Hai Phong","GrabMart","Frequent User",30,"New",0.3,"Cash","Web Booking",2.52,7.4,9.2,2.2,"Medium","Cloudy","None",0,254000,17000,NA,NA,"0","Customer changed mind","0",2,"Friday","Weekday","Early Morning",20.4324324324324,FALSE,2.52
"GB2025000232",2025-06-02 19:18:00,"Ho Chi Minh City","GrabFood","Working Professional",32,"High Performer",5.3,"Corporate Account","Mobile App",2.34,8.2,7.1,6.4,"Low","Clear","FOOD20",4000,385000,26000,"4.4","3.9","1",NA,"2",19,"Monday","Weekday","Evening",17.1219512195122,FALSE,2.34
"GB2025000236",2025-07-23 12:09:00,"Da Nang","GrabFood","Tourist",NA,"New",3.4,"Moca Wallet","Mobile App",4.06,24.9,NA,16.6,"High","Rain","WEEKEND",2000,205000,12000,"4.9","4.2","1",NA,"1",12,"Wednesday","Weekday","Lunch",9.78313253012048,FALSE,4.06
"GB2025000241",2025-10-11 17:32:00,"Da Nang","GrabFood","Tourist",19,"High Performer",3.1,"Cash","Mobile App",2.57,6.3,6.7,3.2,"Low","Clear","None",0,115000,12000,"4.2","4.5","1",NA,"1",17,"Saturday","Weekend","Evening",24.4761904761905,FALSE,2.57
"GB2025000253",2025-10-13 02:37:00,"Bien Hoa","GrabFood","Frequent User",47,"High Performer",1.1,"Moca Wallet","Mobile App",2.15,13.5,15.7,3.2,"High","Cloudy","WELCOME",2000,119000,9000,"4.6","3.8","1",NA,"0",2,"Monday","Weekday","Early Morning",9.55555555555555,FALSE,2.15
"GB2025000256",2025-08-16 22:10:00,"Bien Hoa","GrabMart","Tourist",30,"Preferred",2.8,"Card","Mobile App",4.65,17.4,18.2,4.3,"Medium","Clear","None",0,48000,16000,"5","4.0","1",NA,"1",22,"Saturday","Weekend","Night",16.0344827586207,FALSE,4.65
"GB2025000258",2025-10-28 05:01:00,"Ho Chi Minh City","GrabFood","Tourist",38,"New",3.3,"Cash","Mobile App",8.18,29.2,33.7,3.3,"Low","Clear","MART15",10000,302000,11000,"4.8","3.7","1",NA,"1",5,"Tuesday","Weekday","Early Morning",16.8082191780822,FALSE,8.18
"GB2025000262",2025-06-02 23:24:00,"Ho Chi Minh City","GrabMart","Frequent User",37,"Standard",4.5,"Card","Mobile App",3.27,8.8,9.9,7.1,"Medium","Cloudy","FOOD20",4000,261000,22000,"4.5","5","1",NA,"2",23,"Monday","Weekday","Night",22.2954545454545,FALSE,3.27
"GB2025000264",2025-02-09 17:12:00,"Ho Chi Minh City","GrabFood","Family",46,"New",0.6,"Moca Wallet","Mobile App",4.77,21.4,19.6,8.1,"High","Cloudy","None",0,405000,33000,"4.5",NA,"1",NA,"3",17,"Sunday","Weekend","Evening",13.3738317757009,FALSE,4.77
"GB2025000270",2025-04-16 22:04:00,"Bien Hoa","GrabFood","Family",58,"High Performer",5,"Cash","Mobile App",4.02,16.6,21.1,4.8,"Low","Clear","MART15",1000,441000,34000,"5.0","3.7","1",NA,"3",22,"Wednesday","Weekday","Night",14.5301204819277,FALSE,4.02
"GB2025000271",2025-07-18 04:48:00,"Ho Chi Minh City","GrabFood","Family",NA,"Standard",0.7,"Card","Mobile App",4.93,15.7,19,11.2,"Medium","Rain","None",0,370000,34000,"4.2","4.7","1",NA,"3",4,"Friday","Weekday","Early Morning",18.8407643312102,FALSE,4.93
"GB2025000283",2025-10-20 04:54:00,"Hanoi","GrabFood","Frequent User",41,"New",2.3,"Moca Wallet","Mobile App",4.72,25,25.9,6.9,"Medium","Clear","MART15",3000,124000,10000,"5","3.8","1",NA,"1",4,"Monday","Weekday","Early Morning",11.328,FALSE,4.72
"GB2025000287",2025-12-15 23:08:00,"Hanoi","GrabMart","Frequent User",44,"High Performer",8.2,"Card","Web Booking",1.92,11.9,13.7,5.4,"High","Cloudy","LOYALTY",1000,346000,20000,"4.7","4.5","1",NA,"2",23,"Monday","Weekday","Night",9.68067226890756,FALSE,1.92
"GB2025000288",2025-05-11 06:57:00,"Bien Hoa","GrabFood","Tourist",58,"High Performer",3.2,"Moca Wallet","Mobile App",1.36,6.2,6.4,8.2,"Medium","Rain","RIDE10",3000,3e+05,15000,"5","4.2","1",NA,"1",6,"Sunday","Weekend","Morning",13.1612903225806,FALSE,1.36
"GB2025000291",2025-09-28 09:26:00,"Da Nang","GrabMart","Working Professional",43,"Preferred",2.2,"Cash","Mobile App",5.41,20.7,26.2,10.2,"Medium","Heavy Rain","WEEKEND",11000,232000,938000,"4.2","3.9","1",NA,"1",9,"Sunday","Weekend","Morning",15.6811594202899,FALSE,5.41
"GB2025000296",2025-12-07 18:19:00,"Da Nang","GrabMart","Frequent User",18,"Standard",5.2,"Cash","Mobile App",3.42,11,13.8,8.1,"Medium","Rain","None",0,83000,21000,NA,"4.8","1",NA,"2",18,"Sunday","Weekend","Evening",18.6545454545455,FALSE,3.42
"GB2025000301",2025-02-11 04:26:00,"Hanoi","GrabMart","Frequent User",38,"Standard",2.4,"Corporate Account","Mobile App",0.63,2.6,3.1,5.3,"Medium","Cloudy","WELCOME",2000,111000,7000,"4.5","2.9","1",NA,"0",4,"Tuesday","Weekday","Early Morning",14.5384615384615,FALSE,0.63
"GB2025000304",2025-05-14 12:00:00,"Bien Hoa","GrabFood","Student",18,"Standard",2.1,"Card","Mobile App",2.58,10.2,11.8,4.2,"Low","Clear","RIDE10",2000,263000,14000,"5","4.8","1",NA,"1",12,"Wednesday","Weekday","Lunch",15.1764705882353,FALSE,2.58
"GB2025000306",2025-01-01 17:17:00,"Ho Chi Minh City","GrabFood","Student",27,"New",1.9,"Card","Mobile App",4.29,17.3,21.3,6.5,"High","Cloudy","None",0,164000,21000,"4.3","4.2","1",NA,"2",17,"Wednesday","Weekday","Evening",14.878612716763,FALSE,4.29
"GB2025000310",2025-10-02 14:39:00,"Da Nang","GrabFood","Student",21,"High Performer",0.4,"Cash","Mobile App",3.22,17.4,15.8,6.9,"Medium","Heavy Rain","MART15",7000,102000,9000,"4.2","4.2","1",NA,"0",14,"Thursday","Weekday","Afternoon",11.1034482758621,FALSE,3.22
"GB2025000314",2025-04-16 02:47:00,"Nha Trang","GrabFood","Family",60,"Standard",7.2,"Corporate Account","Mobile App",3.19,15.9,18,3.8,"High","Clear","None",0,255000,25000,"4.6","4.3","1",NA,"2",2,"Wednesday","Weekday","Early Morning",12.0377358490566,FALSE,3.19
"GB2025000332",2025-01-06 14:32:00,"Bien Hoa","GrabFood","Family",58,"High Performer",1.7,"Card","Partner App",2.13,6.1,NA,3.1,"Medium","Clear","None",0,394000,26000,"4.5","3.9","1",NA,"2",14,"Monday","Weekday","Afternoon",20.9508196721311,FALSE,2.13
"GB2025000338",2025-08-12 09:18:00,"Nha Trang","GrabMart","Frequent User",61,"Standard",4.7,"Card","Mobile App",5.76,29.1,33.7,6.5,"Medium","Clear","None",0,216000,23000,NA,NA,"0","Driver unavailable","0",9,"Tuesday","Weekday","Morning",11.8762886597938,FALSE,5.76
"GB2025000342",2025-11-06 07:35:00,"Hanoi","GrabFood","Frequent User",46,"Preferred",0.7,"Moca Wallet","Mobile App",3.85,16.1,14.9,2.2,"Medium","Clear","None",0,160000,21000,"4.4","4.3","1",NA,"2",7,"Thursday","Weekday","Morning",14.3478260869565,FALSE,3.85
"GB2025000348",2025-08-11 05:18:00,"Hanoi","GrabFood","Frequent User",49,"High Performer",7,"Corporate Account","Mobile App",10.94,57.5,67,NA,"Medium","Clear","LOYALTY",14000,177000,18000,"4.4","4.3","1",NA,"1",5,"Monday","Weekday","Early Morning",11.415652173913,FALSE,10.94
"GB2025000354",2025-02-19 18:50:00,"Da Nang","GrabFood","Corporate",20,"High Performer",6,"Card","Mobile App",NA,7.7,7.3,9.4,"Medium","Clear","None",0,98000,12000,"4.2","3.6","1",NA,"1",18,"Wednesday","Weekday","Evening",NA,NA,NA
"GB2025000357",2025-12-12 19:04:00,"Da Nang","GrabMart","Family",22,"New",1.5,"Card","Mobile App",6.6,19.9,19.5,9.7,"Medium","Heavy Rain","RIDE10",10000,88000,12000,"5","4.5","1",NA,"1",19,"Friday","Weekday","Evening",19.8994974874372,FALSE,6.6
"GB2025000358",2025-12-31 20:46:00,"Ho Chi Minh City","GrabFood","Student",54,"New",1.7,"Cash","Mobile App",2.27,7.9,8,3.2,"Low","Clear","WELCOME",2000,164000,NA,"4.9","4.8","1",NA,"1",20,"Wednesday","Weekday","Evening",17.2405063291139,FALSE,2.27
"GB2025000362",2025-02-04 19:17:00,"Can Tho","GrabFood","Student",28,"Standard",5.5,"Card","Mobile App",2.09,10.6,13.1,4.7,"Medium","Heavy Rain","None",0,185000,11000,NA,NA,"0","Driver unavailable","0",19,"Tuesday","Weekday","Evening",11.8301886792453,FALSE,2.09
"GB2025000363",2025-12-11 23:06:00,"Hanoi","GrabFood","Frequent User",47,"New",1.8,"Cash","Mobile App",3.12,12.4,16.4,7.6,"Medium","Rain","None",0,383000,23000,"4.1","4.8","1",NA,"2",23,"Thursday","Weekday","Night",15.0967741935484,FALSE,3.12
"GB2025000366",2025-03-09 08:13:00,"Ho Chi Minh City","GrabMart","Tourist",38,"Standard",2.7,"Cash","Mobile App",4.07,15.5,20.3,6.2,"Low","Clear","LOYALTY",5000,433000,28000,"4.8","4.0","1",NA,"2",8,"Sunday","Weekend","Morning",15.7548387096774,FALSE,4.07
"GB2025000369",2025-09-08 15:12:00,"Da Nang","GrabMart","Corporate",37,"New",4.6,"Card","Mobile App",2.65,17,16.8,6.8,"High","Clear","FOOD20",3000,178000,11000,"5","3.8","1",NA,"1",15,"Monday","Weekday","Afternoon",9.35294117647059,FALSE,2.65
"GB2025000374",2025-07-01 14:58:00,"Hanoi","GrabFood","Working Professional",56,"New",1.8,"Card","Mobile App",4.2,18.7,18.4,2.8,"Low","Clear","WEEKEND",3000,211000,18000,"4.5","4.7","1",NA,"1",14,"Tuesday","Weekday","Afternoon",13.475935828877,FALSE,4.2
"GB2025000376",2025-06-16 13:25:00,"Hue","GrabMart","Family",39,"New",1.1,"Card","Mobile App",5.34,18,19.3,NA,"Medium","Cloudy","None",0,246000,29000,"5","4.4","1",NA,"2",13,"Monday","Weekday","Lunch",17.8,FALSE,5.34
"GB2025000377",2025-10-30 22:16:00,"Hanoi","GrabFood","Tourist",35,"Preferred",6.2,NA,"Mobile App",1.75,8.2,10.5,13.3,"Severe","Clear","MART15",1000,97000,14000,"4.3","4.6","1",NA,"1",22,"Thursday","Weekday","Night",12.8048780487805,FALSE,1.75
"GB2025000379",2025-01-24 12:57:00,"Hai Phong","GrabFood","Tourist",48,"High Performer",3.2,"Moca Wallet","Mobile App",2.87,13.9,16.3,8.7,"High","Cloudy","LOYALTY",3000,79000,6000,"4.8","4.3","1",NA,"0",12,"Friday","Weekday","Lunch",12.3884892086331,FALSE,2.87
"GB2025000392",2025-09-25 17:37:00,"Da Nang","GrabFood","Student",51,"High Performer",3.6,"Card","Mobile App",1.15,7.4,7.5,2.5,"High","Cloudy","None",0,189000,17000,"4.5","4.7","1",NA,"1",17,"Thursday","Weekday","Evening",9.32432432432432,FALSE,1.15
"GB2025000398",2025-02-01 19:37:00,"Can Tho","GrabFood","Corporate",57,"Standard",2.6,"Moca Wallet","Mobile App",3.56,17.6,18.4,2.7,"Medium","Clear","WEEKEND",2000,401000,20000,"5","4.5","1",NA,"2",19,"Saturday","Weekend","Evening",12.1363636363636,FALSE,3.56
"GB2025000399",2025-06-30 11:10:00,"Hanoi","GrabFood","Frequent User",59,"New",3,"Card","Mobile App",2.3,7.7,NA,10.7,"High","Rain","None",0,384000,28000,"4.3","4.2","1",NA,"2",11,"Monday","Weekday","Lunch",17.9220779220779,FALSE,2.3
"GB2025000403",2025-06-05 03:57:00,"Ho Chi Minh City","GrabMart","Student",32,"Preferred",2.1,"Card","Mobile App",4.78,11.9,15.8,5.5,"Low","Clear","LOYALTY",4000,81000,7000,"4.1","4.7","1",NA,"0",3,"Thursday","Weekday","Early Morning",24.1008403361345,FALSE,4.78
"GB2025000406",2025-10-07 05:10:00,"Can Tho","GrabMart","Corporate",44,"High Performer",5.1,"Cash","Mobile App",4.57,17.6,22.8,NA,"High","Clear","None",0,335000,33000,"4.5","4.8","1",NA,"3",5,"Tuesday","Weekday","Early Morning",15.5795454545455,FALSE,4.57
"GB2025000417",2025-09-12 18:54:00,"Hanoi","GrabFood","Family",27,"Preferred",3.2,"Card","Partner App",4.15,15.5,16.8,NA,"High","Rain","WEEKEND",3000,391000,33000,"5","4.7","1",NA,"3",18,"Friday","Weekday","Evening",16.0645161290323,FALSE,4.15
"GB2025000420",2025-07-02 07:16:00,"Hanoi","GrabMart","Frequent User",18,"Standard",1.6,"Moca Wallet","Mobile App",4.89,25.4,NA,8.5,"High","Clear","LOYALTY",2000,343000,19000,"4.3","4.8","1",NA,"1",7,"Wednesday","Weekday","Morning",11.5511811023622,FALSE,4.89
"GB2025000425",2025-07-03 21:30:00,"Hai Phong","GrabMart","Working Professional",61,"New",4.4,"Cash","Mobile App",1.97,5.4,6,7.2,"Medium","Rain","None",0,199000,17000,"3.9","4.9","1",NA,"1",21,"Thursday","Weekday","Night",21.8888888888889,FALSE,1.97
"GB2025000429",2025-07-22 01:55:00,"Ho Chi Minh City","GrabFood","Family",36,"Standard",2.7,"Card","Mobile App",1.53,7.3,8.1,8.3,"Medium","Clear","None",0,118000,13000,"4.5","4.1","1",NA,"1",1,"Tuesday","Weekday","Early Morning",12.5753424657534,FALSE,1.53
"GB2025000430",2025-06-22 03:31:00,"Ho Chi Minh City","GrabFood","Tourist",49,"New",2,"Cash","Mobile App",1.4,7,6.8,2.4,"Medium","Cloudy","WEEKEND",3000,248000,18000,"4.7","4.1","1",NA,"1",3,"Sunday","Weekend","Early Morning",12,FALSE,1.4
"GB2025000432",2025-09-28 21:20:00,"Ho Chi Minh City","GrabFood","Family",54,"Standard",1.7,"Moca Wallet","Mobile App",1.81,5.4,5.7,10.4,"High","Clear","RIDE10",2000,405000,17000,"4.5","4.5","1",NA,"1",21,"Sunday","Weekend","Night",20.1111111111111,FALSE,1.81
"GB2025000436",2025-03-24 19:08:00,"Ho Chi Minh City","GrabFood","Frequent User",57,"High Performer",4.4,"Card","Mobile App",1.48,5.3,5.1,7.7,"High","Cloudy","WEEKEND",3000,212000,18000,NA,NA,"0","App issue","0",19,"Monday","Weekday","Evening",16.7547169811321,FALSE,1.48
"GB2025000437",2025-01-17 01:38:00,"Hue","GrabFood","Corporate",58,"Preferred",0.5,"Cash","Partner App",1.78,8.4,10.6,5.8,"High","Clear","WEEKEND",4000,209000,19000,"5","4.9","1",NA,"1",1,"Friday","Weekday","Early Morning",12.7142857142857,FALSE,1.78
"GB2025000439",2025-05-24 12:22:00,"Da Nang","GrabFood","Frequent User",46,"High Performer",1,"Cash","Mobile App",NA,37.7,47.1,2.7,NA,"Clear","None",0,307000,33000,"4.9","3.6","1",NA,"3",12,"Saturday","Weekend","Lunch",NA,NA,NA
"GB2025000445",2025-12-11 04:34:00,"Hanoi","GrabFood","Frequent User",21,"High Performer",0.1,"Moca Wallet","Mobile App",1.83,9,10.4,5.4,"Medium","Clear","None",0,283000,22000,"4.6","4.9","1",NA,"2",4,"Thursday","Weekday","Early Morning",12.2,FALSE,1.83
"GB2025000446",2025-11-18 18:55:00,"Hanoi","GrabMart","Tourist",36,"Preferred",0.9,"Cash","Partner App",3.85,20.2,21.2,11,"High","Clear","None",0,225000,25000,"4.8","3.8","1",NA,"2",18,"Tuesday","Weekday","Evening",11.4356435643564,FALSE,3.85
"GB2025000449",2025-08-04 10:51:00,"Ho Chi Minh City","GrabMart","Tourist",51,"High Performer",2.9,"Cash","Mobile App",3.15,12.3,16.1,3.1,"Medium","Clear","None",0,385000,22000,"4.2","4.3","1",NA,"2",10,"Monday","Weekday","Morning",15.3658536585366,FALSE,3.15
"GB2025000450",2025-11-17 08:16:00,"Hanoi","GrabFood","Corporate",54,"Preferred",3.1,"Cash","Mobile App",9.15,35.9,31.9,4.9,"Low","Clear","WELCOME",5000,419000,41000,"3.9","4.0","1",NA,"4",8,"Monday","Weekday","Morning",15.2924791086351,FALSE,9.15
"GB2025000456",2025-09-25 18:18:00,"Hai Phong","GrabFood","Tourist",46,"Standard",2.3,"Cash","Mobile App",1.79,5.2,4.7,1.3,"Medium","Cloudy","None",0,232000,11000,"4.8","5.0","1",NA,"1",18,"Thursday","Weekday","Evening",20.6538461538462,FALSE,1.79
"GB2025000458",2025-07-03 19:57:00,"Da Nang","GrabFood","Frequent User",45,"Preferred",5.8,"Cash","Mobile App",1.96,10.1,8.8,3,"High","Cloudy","None",0,141000,13000,"4.5","4.4","1",NA,"1",19,"Thursday","Weekday","Evening",11.6435643564356,FALSE,1.96
"GB2025000459",2025-06-29 09:23:00,"Hanoi","GrabFood","Frequent User",27,"Preferred",0.2,"Moca Wallet","Mobile App",3.83,23.3,27.2,5.3,"Severe","Clear","None",0,257000,18000,"4.3","3.6","1",NA,"1",9,"Sunday","Weekend","Morning",9.86266094420601,FALSE,3.83
"GB2025000463",2025-01-16 18:12:00,"Hue","GrabFood","Tourist",32,"Standard",0.3,"Moca Wallet","Mobile App",3.06,10.1,10.5,7.4,"High","Clear","None",0,379000,18000,"4.0","4.3","1",NA,"1",18,"Thursday","Weekday","Evening",18.1782178217822,FALSE,3.06
"GB2025000464",2025-03-31 16:59:00,"Ho Chi Minh City","GrabFood","Family",30,"Preferred",1.3,"Corporate Account","Mobile App",0.69,4.4,5.9,8.6,"High","Clear","None",0,4e+05,34000,"4.7","5","1",NA,"3",16,"Monday","Weekday","Afternoon",9.40909090909091,FALSE,0.69
"GB2025000465",2025-07-13 10:00:00,"Bien Hoa","GrabFood","Frequent User",26,"High Performer",5.1,"Card","Mobile App",0.65,3.1,3.4,3.2,"Low","Clear","None",0,163000,10000,"4.3","4.0","1",NA,"1",10,"Sunday","Weekend","Morning",12.5806451612903,FALSE,0.65
"GB2025000467",2025-05-06 12:30:00,"Ho Chi Minh City","GrabMart","Frequent User",41,"New",3.4,"Cash","Mobile App",1.29,5,-5.7,3.6,"Low","Clear","RIDE10",1000,136000,12000,"3.4","4.8","1",NA,"1",12,"Tuesday","Weekday","Lunch",15.48,FALSE,1.29
"GB2025000474",2025-04-28 05:13:00,"Hanoi","GrabFood","Working Professional",60,"New",1.6,"Card","Mobile App",1.94,6.5,8,3.5,"Medium","Clear","None",0,343000,24000,"5","4.0","1",NA,"2",5,"Monday","Weekday","Early Morning",17.9076923076923,FALSE,1.94
"GB2025000479",2025-10-30 00:42:00,"Nha Trang","GrabMart","Family",55,"Standard",1.5,"Card","Mobile App",1.69,5.3,6.5,8.1,"High","Clear","WELCOME",1000,414000,26000,"4.7","4.0","1",NA,"2",0,"Thursday","Weekday","Early Morning",19.1320754716981,FALSE,1.69
"GB2025000488",2025-05-07 12:47:00,"Ho Chi Minh City","GrabFood","Working Professional",60,"Standard",NA,"Cash","Mobile App",6.53,28.4,29.9,5.5,"High","Clear","WELCOME",6000,190000,22000,"4.7","3.7","1",NA,"2",12,"Wednesday","Weekday","Lunch",13.7957746478873,FALSE,6.53
"GB2025000492",2025-02-25 03:37:00,"Nha Trang","GrabFood","Family",49,"High Performer",3.7,"Cash","Mobile App",4.52,18.7,24.8,7.1,"Low","Clear","None",0,229000,24000,"5.0","5","1",NA,"2",3,"Tuesday","Weekday","Early Morning",14.5026737967914,FALSE,4.52
"GB2025000493",2025-11-28 02:26:00,"Nha Trang","GrabMart","Corporate",26,"Preferred",2.1,"Moca Wallet","Mobile App",1.09,4.9,4.8,6.1,"Low","Clear","None",0,180000,16000,"4.6","4.4","1",NA,"1",2,"Friday","Weekday","Early Morning",13.3469387755102,FALSE,1.09
"GB2025000498",2025-02-15 05:29:00,"Hanoi","GrabFood","Student",62,"New",4.5,"Moca Wallet","Mobile App",2.76,16.3,16.7,9.6,"High","Clear","None",0,93000,13000,"4.1","4.1","1",NA,"1",5,"Saturday","Weekend","Early Morning",10.159509202454,FALSE,2.76
"GB2025000505",2025-09-24 14:51:00,"Hanoi","GrabFood","Working Professional",23,"New",1.3,"Cash","Mobile App",8.85,25.8,25.5,1.9,"Medium","Clear","None",0,365000,35000,"4.8","4.6","1",NA,"3",14,"Wednesday","Weekday","Afternoon",20.5813953488372,FALSE,8.85
"GB2025000510",2025-06-04 07:53:00,"Ho Chi Minh City","GrabFood","Frequent User",21,"High Performer",0.2,"Moca Wallet","Mobile App",3.45,18.3,20,7.8,"Medium","Cloudy","WEEKEND",6000,312000,25000,"4.5","4.9","1",NA,"2",7,"Wednesday","Weekday","Morning",11.3114754098361,FALSE,3.45
"GB2025000513",2025-03-08 12:40:00,"Hue","GrabMart","Student",27,"High Performer",2.1,"Moca Wallet","Partner App",1.43,5.3,5.8,11.9,"Medium","Heavy Rain","None",0,406000,15000,"4.6","4.7","1",NA,"1",12,"Saturday","Weekend","Lunch",16.188679245283,FALSE,1.43
"GB2025000520",2025-07-11 23:45:00,"Ho Chi Minh City","GrabMart","Frequent User",57,"High Performer",4.1,"Card","Mobile App",2.98,7.9,9.1,4.7,"Low","Clear","WEEKEND",3000,285000,22000,"4.5","5","1",NA,"2",23,"Friday","Weekday","Night",22.6329113924051,FALSE,2.98
"GB2025000524",2025-03-17 23:32:00,"Hanoi","GrabFood","Working Professional",45,"Standard",2.9,"Cash","Mobile App",6.05,20.9,20.5,3.5,"Medium","Clear","RIDE10",5000,245000,12000,"4.3","4.4","1",NA,"1",23,"Monday","Weekday","Night",17.3684210526316,FALSE,6.05
"GB2025000525",2025-03-14 20:40:00,"Hanoi","GrabFood","Working Professional",59,"New",2.1,"Card","Mobile App",0.92,3.5,3.3,6.1,"Low","Clear","None",0,242000,23000,"4.9","4.0","1",NA,"2",20,"Friday","Weekday","Evening",15.7714285714286,FALSE,0.92
"GB2025000529",2025-10-10 12:21:00,"Can Tho","GrabFood","Corporate",19,"Preferred",1.7,"Cash","Mobile App",4.04,12.6,16.2,5.2,"Low","Cloudy","WELCOME",6000,393000,8000,"4.6","4.5","1",NA,"0",12,"Friday","Weekday","Lunch",19.2380952380952,FALSE,4.04
"GB2025000533",2025-07-22 03:21:00,"Ho Chi Minh City","GrabFood","Family",55,"New",3.2,"Moca Wallet","Mobile App",2.45,9.3,9.5,4,"Low","Clear","None",0,353000,33000,"3.9","4.5","1",NA,"3",3,"Tuesday","Weekday","Early Morning",15.8064516129032,FALSE,2.45
"GB2025000534",2025-06-08 06:14:00,"Hai Phong","GrabFood","Frequent User",23,"Preferred",2,"Moca Wallet","Mobile App",1.73,6.8,6.8,7.2,"Low","Clear","WEEKEND",2000,295000,23000,"5","4.9","1",NA,"2",6,"Sunday","Weekend","Morning",15.2647058823529,FALSE,1.73
"GB2025000537",2025-08-08 22:50:00,"Can Tho","GrabFood","Student",24,"High Performer",2,"Cash","Mobile App",5.87,23.7,25,3.9,"Low","Rain","MART15",5000,305000,20000,"4.6","3.8","1",NA,"2",22,"Friday","Weekday","Night",14.8607594936709,FALSE,5.87
"GB2025000540",2025-08-23 05:13:00,"Hanoi","GrabFood","Corporate",39,"Preferred",4.4,"Card","Partner App",5.85,16.6,18.5,8.9,"Medium","Cloudy","None",0,154000,18000,"4.8","3.8","1",NA,"1",5,"Saturday","Weekend","Early Morning",21.144578313253,FALSE,5.85
"GB2025000542",2025-05-15 11:54:00,"Ho Chi Minh City","GrabFood","Tourist",28,"Preferred",1,"Moca Wallet","Mobile App",1.34,4.1,3.8,4.7,"Low","Clear","WEEKEND",3000,417000,16000,"4.7","4.0","1",NA,"1",11,"Thursday","Weekday","Lunch",19.609756097561,FALSE,1.34
"GB2025000543",2025-01-03 01:13:00,"Ho Chi Minh City","GrabFood","Working Professional",39,"High Performer",1.5,"Moca Wallet","Mobile App",0.86,3.1,3.4,3.6,"Low","Clear","None",0,429000,13000,"4.4","3.6","1",NA,"1",1,"Friday","Weekday","Early Morning",16.6451612903226,FALSE,0.86
"GB2025000545",2025-01-01 22:51:00,"Ho Chi Minh City","GrabFood","Frequent User",57,"New",0.3,"Card","Mobile App",1.44,3.7,4,7.3,"Medium","Rain","WEEKEND",1000,181000,14000,"4.4","3.4","1",NA,"1",22,"Wednesday","Weekday","Night",23.3513513513514,FALSE,1.44
"GB2025000549",2025-11-04 09:00:00,"Hanoi","GrabFood","Family",40,"Standard",3.2,"Card","Mobile App",1.94,7.8,8.1,5.3,"Low","Clear","FOOD20",2000,324000,13000,"4.6","5","1",NA,"1",9,"Tuesday","Weekday","Morning",14.9230769230769,FALSE,1.94
"GB2025000550",2025-09-25 15:13:00,"Bien Hoa","GrabFood","Family",48,"Preferred",3.9,"Moca Wallet","Mobile App",5.06,23.2,20.7,6.7,"Low","Clear","None",0,323000,23000,"4.1","5.0","1",NA,"2",15,"Thursday","Weekday","Afternoon",13.0862068965517,FALSE,5.06
"GB2025000555",2025-07-10 19:01:00,"Ho Chi Minh City","GrabFood","Frequent User",40,"High Performer",3.1,"Moca Wallet","Mobile App",3.84,15.5,18.6,9.1,"Medium","Clear","WEEKEND",2000,398000,23000,"4.2","4.1","1",NA,"2",19,"Thursday","Weekday","Evening",14.8645161290323,FALSE,3.84
"GB2025000559",2025-08-02 18:20:00,"Ho Chi Minh City","GrabMart","Corporate",48,"High Performer",1,"Corporate Account","Mobile App",3.06,16.6,-20.9,5.9,"High","Rain","WEEKEND",5000,395000,35000,"4.5","4.5","1",NA,"3",18,"Saturday","Weekend","Evening",11.0602409638554,FALSE,3.06
"GB2025000561",2025-01-29 07:32:00,"Hanoi","GrabFood","Frequent User",36,"High Performer",0.5,"Moca Wallet","Mobile App",7.24,37.9,39.7,1.8,"High","Clear","WELCOME",11000,229000,23000,"4.3","5","1",NA,"2",7,"Wednesday","Weekday","Morning",11.4617414248021,FALSE,7.24
"GB2025000562",2025-12-20 14:50:00,"Can Tho","GrabFood","Corporate",23,"New",2.9,"Cash","Mobile App",1.27,7.8,8.2,8.1,"High","Clear","RIDE10",3000,361000,24000,"4.1","3.3","1",NA,"2",14,"Saturday","Weekend","Afternoon",9.76923076923077,FALSE,1.27
"GB2025000563",2025-12-14 14:21:00,"Ho Chi Minh City","GrabMart","Tourist",34,"Standard",3.1,"Cash","Mobile App",3.68,12.5,16.9,6.9,"Low","Cloudy","None",0,152000,12000,"4.9","4.4","1",NA,"1",14,"Sunday","Weekend","Afternoon",17.664,FALSE,3.68
"GB2025000572",2025-10-14 05:52:00,"Hanoi","GrabFood","Working Professional",61,"Preferred",3.5,"Card","Mobile App",3.78,13.6,18.3,2.5,"Medium","Clear","None",0,218000,20000,"5","4.6","1",NA,"2",5,"Tuesday","Weekday","Early Morning",16.6764705882353,FALSE,3.78
"GB2025000580",2025-09-27 13:04:00,"Hue","GrabFood","Frequent User",49,"New",2.7,"Card","Mobile App",3.49,18.6,23.8,4,"High","Clear","RIDE10",3000,385000,34000,"4.3","4.8","1",NA,"3",13,"Saturday","Weekend","Lunch",11.258064516129,FALSE,3.49
"GB2025000585",2025-07-30 17:07:00,"Ho Chi Minh City","GrabFood","Corporate",51,"Preferred",7.8,"Cash","Partner App",8.4,19,25.2,5.3,"Low","Clear","None",0,125000,27000,NA,NA,"0","Driver unavailable","0",17,"Wednesday","Weekday","Evening",26.5263157894737,FALSE,8.4
"GB2025000589",2025-05-02 05:07:00,"Hai Phong","GrabFood","Corporate",34,"High Performer",2.5,"Cash","Mobile App",0.7,3,4,11.7,"High","Cloudy","FOOD20",2000,49000,5000,"4.2","3.5","1",NA,"0",5,"Friday","Weekday","Early Morning",14,FALSE,0.7
"GB2025000606",2025-10-27 17:15:00,"Hanoi","GrabFood","Frequent User",24,"Standard",4.9,"Cash","Mobile App",1.45,9.8,12.9,19.9,"Severe","Rain","None",0,209000,15000,"4.2","4.1","1",NA,"1",17,"Monday","Weekday","Evening",8.87755102040816,FALSE,1.45
"GB2025000608",2025-04-11 06:08:00,"Bien Hoa","GrabFood","Student",54,"Standard",3.1,"Card","Mobile App",7.15,26.6,30.3,3.7,"Low","Cloudy","MART15",8000,413000,32000,"4.7","5","1",NA,"3",6,"Friday","Weekday","Morning",16.1278195488722,FALSE,7.15
"GB2025000614",2025-03-07 02:12:00,"Hanoi","GrabFood","Corporate",30,"Preferred",2,"Corporate Account","Mobile App",1.19,4.8,4.2,7.9,"Low",NA,"RIDE10",3000,66000,5000,"4.1","3.8","1",NA,"0",2,"Friday","Weekday","Early Morning",14.875,FALSE,1.19
"GB2025000615",2025-06-27 22:06:00,"Bien Hoa","GrabFood","Family",25,"High Performer",4.5,"Cash","Mobile App",4.1,22.6,NA,9.6,"High","Heavy Rain","None",0,128000,16000,NA,NA,"0","Payment issue","0",22,"Friday","Weekday","Night",10.8849557522124,FALSE,4.1
"GB2025000618",2025-05-02 16:24:00,"Nha Trang","GrabFood","Working Professional",58,"Standard",1.6,"Card","Mobile App",1.15,3.4,3.2,9.8,"High","Rain","RIDE10",2000,376000,19000,"4.6","4.5","1",NA,"1",16,"Friday","Weekday","Afternoon",20.2941176470588,FALSE,1.15
"GB2025000620",2025-04-29 17:34:00,"Ho Chi Minh City","GrabFood","Student",22,"High Performer",3.2,"Moca Wallet","Mobile App",5.14,26.8,33.8,5.4,"Medium","Clear","None",0,389000,31000,"3.7","3.8","1",NA,"3",17,"Tuesday","Weekday","Evening",11.5074626865672,FALSE,5.14
"GB2025000625",2025-09-26 14:15:00,"Hanoi","GrabFood","Family",53,"Standard",4.2,"Cash","Mobile App",1.26,4.2,5.1,7.7,"Low","Clear","None",0,305000,19000,"4.3","4.8","1",NA,"1",14,"Friday","Weekday","Afternoon",18,FALSE,1.26
"GB2025000626",2025-11-21 20:41:00,"Da Nang","GrabFood","Family",22,"Standard",0.3,"Card","Mobile App",1.74,6.2,5.7,3.5,"Medium","Cloudy","None",0,258000,21000,"4.5","4.5","1",NA,"2",20,"Friday","Weekday","Evening",16.8387096774194,FALSE,1.74
"GB2025000628",2025-10-18 17:32:00,"Hanoi","GrabFood","Working Professional",47,"High Performer",1.4,"Cash","Mobile App",4.24,22.7,23.6,5.3,"Medium","Clear","RIDE10",4000,129000,11000,"4.6","3.8","1",NA,"1",17,"Saturday","Weekend","Evening",11.2070484581498,FALSE,4.24
"GB2025000636",2025-06-15 21:39:00,"Hanoi","GrabFood","Frequent User",28,"New",1.1,"Card","Mobile App",NA,15.8,14.9,7.3,"Medium","Cloudy","RIDE10",4000,361000,31000,"4.4","4.2","1",NA,"3",21,"Sunday","Weekend","Night",NA,NA,NA
"GB2025000646",2025-10-24 15:13:00,"Hanoi","GrabFood","Family",52,"Standard",1.1,"Moca Wallet","Mobile App",2.41,15.8,15.4,7.6,"Severe","Clear","None",0,218000,11000,"4.4","4.6","1",NA,"1",15,"Friday","Weekday","Afternoon",9.15189873417722,FALSE,2.41
"GB2025000655",2025-11-07 16:32:00,"Hanoi","GrabFood","Corporate",51,"Standard",7.6,"Cash","Mobile App",3.8,16.2,21,9.5,"High","Clear","LOYALTY",4000,214000,18000,"4.7","4.0","1",NA,"1",16,"Friday","Weekday","Afternoon",14.0740740740741,FALSE,3.8
"GB2025000668",2025-11-11 17:21:00,"Da Nang","GrabFood","Family",41,"High Performer",3.2,"Cash","Partner App",6.18,20.2,21.6,3.3,"Medium","Cloudy","LOYALTY",7000,172000,20000,"3.9","4.2","1",NA,"2",17,"Tuesday","Weekday","Evening",18.3564356435644,FALSE,6.18
"GB2025000672",2025-12-06 07:22:00,"Ho Chi Minh City","GrabMart","Corporate",47,"Standard",3.8,"Card","Mobile App",1.73,7.5,8.3,12.1,"High","Clear","None",0,87000,8000,"4.3","3.7","1",NA,"0",7,"Saturday","Weekend","Morning",13.84,FALSE,1.73
"GB2025000674",2025-02-02 12:22:00,"Hanoi","GrabMart","Corporate",43,"Preferred",1.1,"Card","Mobile App",1.32,6.2,6.4,4.9,"Medium","Cloudy","RIDE10",3000,252000,22000,"5","4.3","1",NA,"2",12,"Sunday","Weekend","Lunch",12.7741935483871,FALSE,1.32
"GB2025000683",2025-11-10 05:43:00,"Hai Phong","GrabFood","Corporate",27,"New",2.8,"Cash","Mobile App",2.42,11.7,12.5,6.4,"Medium","Clear","None",0,103000,13000,"4.7","5","1",NA,"1",5,"Monday","Weekday","Early Morning",12.4102564102564,FALSE,2.42
"GB2025000684",2025-03-03 11:06:00,"Hanoi","GrabMart","Corporate",51,"Preferred",0.7,"Cash","Mobile App",5.88,24.5,28,4.8,"Medium","Clear","None",0,153000,23000,"4.3","4.5","1",NA,"2",11,"Monday","Weekday","Lunch",14.4,FALSE,5.88
"GB2025000696",2025-07-14 07:07:00,"Hue","GrabFood","Working Professional",33,"High Performer",2.4,"Cash","Mobile App",9.14,41,48,1.9,"Medium","Clear","MART15",12000,61000,12000,"4.7","5","1",NA,"1",7,"Monday","Weekday","Morning",13.3756097560976,FALSE,9.14
"GB2025000699",2025-04-15 09:38:00,"Hanoi","GrabFood","Corporate",47,"Preferred",0.5,"Moca Wallet","Mobile App",2.91,15.9,13.5,7.2,"High","Cloudy","None",0,75000,9000,"4.3","3.4","1",NA,"0",9,"Tuesday","Weekday","Morning",10.9811320754717,FALSE,2.91
"GB2025000700",2025-04-20 01:38:00,"Hanoi","GrabFood","Corporate",28,"New",1.7,"Cash","Mobile App",4.63,10.7,11,5.1,"Low","Cloudy","LOYALTY",4000,65000,7000,"4.3","4.4","1",NA,"0",1,"Sunday","Weekend","Early Morning",25.9626168224299,FALSE,4.63
"GB2025000702",2025-10-19 17:50:00,"Da Nang","GrabFood","Frequent User",60,"New",2.5,"Cash","Mobile App",2.21,10.9,12,6.3,"High","Cloudy","WELCOME",5000,63000,5000,"5.0","4.4","1",NA,"0",17,"Sunday","Weekend","Evening",12.1651376146789,FALSE,2.21
"GB2025000704",2025-01-05 02:17:00,"Hanoi","GrabFood","Student",44,"Preferred",NA,"Moca Wallet","Mobile App",NA,4.1,5.1,6.9,"High",NA,"RIDE10",2000,353000,12000,"4.6","4.3","1",NA,"1",2,"Sunday","Weekend","Early Morning",NA,NA,NA
"GB2025000718",2025-04-15 17:08:00,"Ho Chi Minh City","GrabFood","Tourist",20,"Preferred",1.8,"Moca Wallet","Mobile App",4.16,26.4,31.3,3.1,"High","Clear","WEEKEND",5000,431000,28000,"4.8","4.4","1",NA,"2",17,"Tuesday","Weekday","Evening",9.45454545454546,FALSE,4.16
"GB2025000721",2025-04-06 13:16:00,"Hanoi","GrabFood","Student",25,"High Performer",1.8,"Card","Mobile App",3.19,18,18.2,14.9,"High","Rain","None",0,436000,27000,"4.4","4.1","1",NA,"2",13,"Sunday","Weekend","Lunch",10.6333333333333,FALSE,3.19
"GB2025000730",2025-09-16 22:09:00,"Ho Chi Minh City","GrabFood","Student",47,"New",5.7,"Cash","Mobile App",2.06,8.2,9.4,10.4,"High","Clear","MART15",2000,287000,25000,"4.8","3.8","1",NA,"2",22,"Tuesday","Weekday","Night",15.0731707317073,FALSE,2.06
"GB2025000739",2025-04-28 20:58:00,"Ho Chi Minh City","GrabFood","Frequent User",47,"Standard",1.9,"Cash","Mobile App",4.22,22.9,21.6,2.2,"Medium","Rain","None",0,112000,19000,"5",NA,"1",NA,"1",20,"Monday","Weekday","Evening",11.056768558952,FALSE,4.22
"GB2025000762",2025-08-27 18:34:00,"Ho Chi Minh City","GrabFood","Family",47,"Preferred",1.2,"Cash","Mobile App",4.53,13.6,13.4,3.3,"Low","Cloudy","FOOD20",7000,272000,11000,"4.7","5","1",NA,"1",18,"Wednesday","Weekday","Evening",19.9852941176471,FALSE,4.53
"GB2025000765",2025-03-04 00:54:00,"Da Nang","GrabFood","Working Professional",30,"New",2,"Corporate Account","Mobile App",1.43,5.3,6,11,"High","Clear","None",0,444000,40000,"4.7","4.4","1",NA,"4",0,"Tuesday","Weekday","Early Morning",16.188679245283,FALSE,1.43
"GB2025000771",2025-12-25 16:38:00,"Ho Chi Minh City","GrabFood","Frequent User",46,"High Performer",NA,"Card","Mobile App",2.44,8.5,9.8,6.9,"High","Clear","None",0,380000,21000,"3.8","4.3","1",NA,"2",16,"Thursday","Weekday","Afternoon",17.2235294117647,FALSE,2.44
"GB2025000773",2025-04-05 20:09:00,"Hanoi","GrabFood","Frequent User",34,"Standard",5,"Card","Partner App",1.5,5.4,5.3,7.9,"Medium","Clear","MART15",2000,194000,17000,NA,NA,"0","Customer changed mind","0",20,"Saturday","Weekend","Evening",16.6666666666667,FALSE,1.5
"GB2025000774",2025-03-11 14:46:00,"Hai Phong","GrabFood","Working Professional",50,"New",6,"Moca Wallet","Mobile App",1.06,5.5,4.8,12,"High","Cloudy","RIDE10",3000,373000,25000,"5","4.7","1",NA,"2",14,"Tuesday","Weekday","Afternoon",11.5636363636364,FALSE,1.06
"GB2025000778",2025-02-10 23:30:00,"Hanoi","GrabFood","Family",62,"High Performer",1.8,"Cash","Mobile App",8.33,32.8,31.3,7.8,"Low","Cloudy","RIDE10",3000,434000,40000,"5","3.3","1",NA,"4",23,"Monday","Weekday","Night",15.2378048780488,FALSE,8.33
"GB2025000779",2025-06-26 18:53:00,"Hanoi","GrabFood","Tourist",51,"Preferred",2.4,"Card","Web Booking",2.55,17,20,4,"Severe","Cloudy","None",0,241000,32000,NA,NA,"0","Long wait time","0",18,"Thursday","Weekday","Evening",9,FALSE,2.55
"GB2025000785",2025-10-23 16:16:00,"Ho Chi Minh City","GrabMart","Corporate",49,"High Performer",7.1,"Cash","Mobile App",2.47,8.2,10.3,7.2,"Medium","Clear","LOYALTY",1000,4e+05,28000,"4.9","3.8","1",NA,"2",16,"Thursday","Weekday","Afternoon",18.0731707317073,FALSE,2.47
"GB2025000787",2025-04-01 04:58:00,"Da Nang","GrabFood","Working Professional",31,"New",2.6,"Moca Wallet","Mobile App",2.38,6.3,5.9,2.6,"Medium","Clear","None",0,411000,36000,"4.9","5.0","1",NA,"3",4,"Tuesday","Weekday","Early Morning",22.6666666666667,FALSE,2.38
"GB2025000796",2025-10-05 02:06:00,"Ho Chi Minh City","GrabFood","Working Professional",55,"Standard",1.3,"Cash","Mobile App",1.45,5.3,6.8,4.8,"Low","Clear","None",0,412000,17000,"4.1","3.9","1",NA,"1",2,"Sunday","Weekend","Early Morning",16.4150943396226,FALSE,1.45
"GB2025000799",2025-11-21 14:36:00,"Da Nang","GrabFood","Tourist",25,"High Performer",2.5,"Cash","Mobile App",3.37,18.6,19.8,7.6,"Medium","Clear","RIDE10",3000,332000,20000,"4.5","4.5","1",NA,"2",14,"Friday","Weekday","Afternoon",10.8709677419355,FALSE,3.37
"GB2025000804",2025-11-14 21:57:00,"Ho Chi Minh City","GrabFood","Working Professional",28,"Preferred",6.3,"Card","Mobile App",2.26,8.7,11,NA,"Low","Heavy Rain","None",0,306000,19000,"4.7","4.3","1",NA,"1",21,"Friday","Weekday","Night",15.5862068965517,FALSE,2.26
"GB2025000805",2025-07-02 04:57:00,"Bien Hoa","GrabMart","Frequent User",59,"New",0.5,"Cash","Partner App",2.02,12.3,12.8,2.3,"High","Clear","None",0,393000,16000,"4.1","4.2","1",NA,"1",4,"Wednesday","Weekday","Early Morning",9.85365853658537,FALSE,2.02
"GB2025000807",2025-02-26 07:11:00,"Ho Chi Minh City","GrabFood","Tourist",46,"High Performer",4.1,"Moca Wallet","Mobile App",4.98,24,21.5,2.6,"High","Clear","WELCOME",5000,243000,22000,"4.8","4.2","1",NA,"2",7,"Wednesday","Weekday","Morning",12.45,FALSE,4.98
"GB2025000811",2025-12-13 08:09:00,"Ho Chi Minh City","GrabFood","Tourist",25,"High Performer",7,"Card","Mobile App",4.09,18,17.8,6.9,"High","Clear","None",0,117000,15000,"4.7","3.8","1",NA,"1",8,"Saturday","Weekend","Morning",13.6333333333333,FALSE,4.09
"GB2025000813",2025-08-25 14:03:00,"Ho Chi Minh City","GrabFood","Working Professional",37,"High Performer",2.2,"Cash","Mobile App",1.21,3.1,3.8,6.8,"Medium","Cloudy","LOYALTY",1000,73000,5000,"4.7","4.0","1",NA,"0",14,"Monday","Weekday","Afternoon",23.4193548387097,FALSE,1.21
"GB2025000816",2025-02-05 02:16:00,"Hanoi","GrabFood","Corporate",30,"Standard",2.2,"Moca Wallet","Mobile App",3.27,13.9,15.3,10.4,"Low","Rain","FOOD20",4000,240000,17000,"4.4","4.0","1",NA,"1",2,"Wednesday","Weekday","Early Morning",14.1151079136691,FALSE,3.27
"GB2025000818",2025-09-21 23:47:00,"Hanoi","GrabMart","Corporate",56,"Standard",2.2,"Card","Mobile App",8.44,39.6,52.7,3.7,"High","Clear","None",0,115000,25000,"4.4","4.1","1",NA,"2",23,"Sunday","Weekend","Night",12.7878787878788,FALSE,8.44
"GB2025000822",2025-07-27 03:50:00,"Ho Chi Minh City","GrabFood","Tourist",49,"New",NA,"Card","Mobile App",NA,13.4,15.3,7.4,"Medium","Clear","WEEKEND",2000,448000,19000,"4.5","4.7","1",NA,"1",3,"Sunday","Weekend","Early Morning",NA,NA,NA
"GB2025000823",2025-06-30 06:01:00,"Hanoi","GrabFood","Working Professional",23,"New",2.9,"Card","Mobile App",1.51,3.7,3.3,3.8,"Low","Heavy Rain","None",0,381000,23000,"3.7","4.2","1",NA,"2",6,"Monday","Weekday","Morning",24.4864864864865,FALSE,1.51
"GB2025000825",2025-05-18 05:46:00,"Ho Chi Minh City","GrabFood","Corporate",40,"Preferred",NA,"Corporate Account","Mobile App",6.47,22,19.4,1.7,"Low","Clear","None",0,307000,28000,"4.6","5","1",NA,"2",5,"Sunday","Weekend","Early Morning",17.6454545454545,FALSE,6.47
"GB2025000826",2025-01-22 08:08:00,"Ho Chi Minh City","GrabMart","Frequent User",26,"Standard",2.2,"Moca Wallet","Mobile App",7.36,26.3,32.2,5.3,"High","Rain","None",0,392000,42000,"4.1","4.4","1",NA,"4",8,"Wednesday","Weekday","Morning",16.7908745247148,FALSE,7.36
"GB2025000833",2025-07-25 14:43:00,"Bien Hoa","GrabFood","Family",43,"High Performer",2.4,"Cash","Mobile App",1.43,5.9,6.5,2,"High","Cloudy","None",0,95000,11000,"4.5","5","1",NA,"1",14,"Friday","Weekday","Afternoon",14.5423728813559,FALSE,1.43
"GB2025000834",2025-05-24 07:51:00,"Ho Chi Minh City","GrabFood","Family",49,"Preferred",1.7,"Card","Mobile App",2.07,12.6,13.1,15.7,"High","Heavy Rain","FOOD20",5000,323000,28000,NA,"4.8","1",NA,"2",7,"Saturday","Weekend","Morning",9.85714285714286,FALSE,2.07
"GB2025000838",2025-08-16 15:07:00,"Da Nang","GrabFood","Tourist",54,"Standard",2,"Card","Mobile App",3.31,21,18.4,8.9,"High","Cloudy","WEEKEND",7000,258000,16000,"4.6",NA,"1",NA,"1",15,"Saturday","Weekend","Afternoon",9.45714285714286,FALSE,3.31
"GB2025000840",2025-12-15 05:30:00,"Ho Chi Minh City","GrabFood","Tourist",42,"New",3.7,"Cash","Partner App",3.61,13.2,14.9,1.8,"Low","Clear","None",0,343000,18000,"5","4.3","1",NA,"1",5,"Monday","Weekday","Early Morning",16.4090909090909,FALSE,3.61
"GB2025000845",2025-05-17 01:41:00,"Da Nang","GrabMart","Working Professional",59,"Preferred",8,"Card","Mobile App",2.6,12.3,12.5,2.4,"Low","Clear","RIDE10",2000,192000,19000,"4.7","4.6","1",NA,"1",1,"Saturday","Weekend","Early Morning",12.6829268292683,FALSE,2.6
"GB2025000855",2025-06-24 23:54:00,"Hanoi","GrabMart","Working Professional",28,"High Performer",0.7,"Moca Wallet","Mobile App",2.16,13.3,13.1,3.6,"High","Clear","None",0,108000,14000,"4.7","4.3","1",NA,"1",23,"Tuesday","Weekday","Night",9.74436090225564,FALSE,2.16
"GB2025000857",2025-05-27 15:50:00,"Hanoi","GrabFood","Frequent User",41,"Preferred",0.6,"Corporate Account","Partner App",0.6,3.3,2.8,7.7,"Medium","Cloudy","LOYALTY",1000,208000,17000,"4.6","4.6","1",NA,"1",15,"Tuesday","Weekday","Afternoon",10.9090909090909,FALSE,0.6
"GB2025000860",2025-03-19 18:52:00,"Ho Chi Minh City","GrabFood","Frequent User",30,"New",3.5,"Cash","Mobile App",1.61,6.5,7,6.4,"High","Cloudy","None",0,4e+05,27000,"4.1","4.6","1",NA,"2",18,"Wednesday","Weekday","Evening",14.8615384615385,FALSE,1.61
"GB2025000862",2025-12-21 14:41:00,"Hanoi","GrabMart","Corporate",30,"Standard",0.7,"Cash","Mobile App",5.62,25.7,28.4,1.2,"Medium","Clear","FOOD20",7000,121000,13000,NA,NA,"0","Payment issue","0",14,"Sunday","Weekend","Afternoon",13.1206225680934,FALSE,5.62
"GB2025000868",2025-10-14 14:51:00,"Hai Phong","GrabMart","Frequent User",42,"Preferred",2.3,"Moca Wallet","Mobile App",3.95,21.3,19.2,9.1,"Medium","Clear","LOYALTY",2000,425000,19000,"4.9","5","1",NA,"1",14,"Tuesday","Weekday","Afternoon",11.1267605633803,FALSE,3.95
"GB2025000870",2025-08-25 23:46:00,"Nha Trang","GrabFood","Family",29,"Standard",0.8,"Moca Wallet","Mobile App",2.44,10.7,10.4,5.1,"Medium","Clear","None",0,310000,18000,"5","4.9","1",NA,"1",23,"Monday","Weekday","Night",13.6822429906542,FALSE,2.44
"GB2025000878",2025-06-30 16:48:00,"Ho Chi Minh City","GrabFood","Student",24,"Standard",0.9,"Card","Mobile App",3.38,20.5,20.5,6,"Severe","Cloudy","None",0,246000,30000,"4.6","5","1",NA,"3",16,"Monday","Weekday","Afternoon",9.89268292682927,FALSE,3.38
"GB2025000879",2025-05-10 11:32:00,"Da Nang","GrabFood","Frequent User",51,"Preferred",2.7,"Card","Mobile App",1.27,6.4,6.2,6.2,"High","Cloudy","FOOD20",3000,288000,17000,"3.7","4.0","1",NA,"1",11,"Saturday","Weekend","Lunch",11.90625,FALSE,1.27
"GB2025000908",2025-03-08 16:21:00,"Ho Chi Minh City","GrabMart","Family",62,"High Performer",5.6,"Card","Mobile App",3.55,12.3,11.3,7.9,"Medium","Cloudy","WEEKEND",2000,206000,10000,"5","5","1",NA,"1",16,"Saturday","Weekend","Afternoon",17.3170731707317,FALSE,3.55
"GB2025000910",2025-06-10 17:44:00,"Ho Chi Minh City","GrabMart","Frequent User",24,"New",4.4,"Moca Wallet","Partner App",4.9,16.1,19.8,2.5,"High","Clear","FOOD20",6000,158000,15000,"4.4","5","1",NA,"1",17,"Tuesday","Weekday","Evening",18.2608695652174,FALSE,4.9
"GB2025000915",2025-05-03 23:04:00,"Ho Chi Minh City","GrabMart","Frequent User",52,"Preferred",0.9,"Cash","Mobile App",6.32,19.4,19.5,2.2,"Low","Cloudy","WELCOME",9000,96000,9000,"4.8","3.8","1",NA,"0",23,"Saturday","Weekend","Night",19.5463917525773,FALSE,6.32
"GB2025000916",2025-08-13 02:03:00,"Hanoi","GrabFood","Family",56,"High Performer",1,"Card","Mobile App",4.71,20.5,26.3,5.3,"High","Rain","WEEKEND",5000,343000,30000,"5","3.7","1",NA,"3",2,"Wednesday","Weekday","Early Morning",13.7853658536585,FALSE,4.71
"GB2025000919",2025-07-17 16:31:00,"Ho Chi Minh City","GrabFood","Corporate",29,"Preferred",3.3,"Cash","Mobile App",3.02,8.1,10,5.1,"Low","Rain","None",0,378000,19000,"4.6","4.5","1",NA,"1",16,"Thursday","Weekday","Afternoon",22.3703703703704,FALSE,3.02
"GB2025000923",2025-10-04 13:41:00,"Da Nang","GrabFood","Tourist",56,"New",NA,"Card","Mobile App",5.79,27.8,28,5.5,"Low","Clear","None",0,336000,23000,"4.6","4.5","1",NA,"2",13,"Saturday","Weekend","Lunch",12.4964028776978,FALSE,5.79
"GB2025000929",2025-03-01 23:20:00,"Ho Chi Minh City","GrabFood","Corporate",25,"New",1.7,"Cash","Mobile App",0.94,2.7,3.3,7.8,"Medium","Clear","RIDE10",2000,171000,13000,"5","4.7","1",NA,"1",23,"Saturday","Weekend","Night",20.8888888888889,FALSE,0.94
"GB2025000930",2025-07-24 14:41:00,"Ho Chi Minh City","GrabFood","Frequent User",60,"New",1.5,"Card","Mobile App",1.81,6,6.5,NA,"Medium","Rain","RIDE10",4000,191000,17000,"4.1","4.7","1",NA,"1",14,"Thursday","Weekday","Afternoon",18.1,FALSE,1.81
"GB2025000936",2025-12-07 04:29:00,"Da Nang","GrabMart","Working Professional",38,"Preferred",NA,"Moca Wallet","Mobile App",7.11,30.6,32.9,2.9,"Medium","Cloudy","None",0,405000,28000,"5","4.5","1",NA,"2",4,"Sunday","Weekend","Early Morning",13.9411764705882,FALSE,7.11
"GB2025000937",2025-05-09 03:03:00,"Ho Chi Minh City","GrabFood","Tourist",46,"Standard",1.2,"Cash","Mobile App",2.21,8.5,8.2,4.4,"Low","Clear","LOYALTY",4000,383000,17000,"4.9","3.5","1",NA,"1",3,"Friday","Weekday","Early Morning",15.6,FALSE,2.21
"GB2025000945",2025-10-04 02:04:00,"Hue","GrabFood","Student",58,"Standard",4.2,"Moca Wallet","Mobile App",11.78,30.4,32.2,3.8,"Low","Clear","WEEKEND",13000,380000,25000,"4.6","3.8","1",NA,"2",2,"Saturday","Weekend","Early Morning",23.25,FALSE,11.78
"GB2025000946",2025-04-22 09:04:00,"Ho Chi Minh City","GrabFood","Corporate",19,"Standard",2.1,"Moca Wallet","Mobile App",6.53,40.1,37.5,1.9,"High","Cloudy","None",0,260000,34000,"4.9","4.4","1",NA,"3",9,"Tuesday","Weekday","Morning",9.77057356608479,FALSE,6.53
"GB2025000947",2025-12-19 01:13:00,"Ho Chi Minh City","GrabFood","Student",51,"Standard",3.8,"Cash","Mobile App",1.93,7.7,9.2,3.7,"High","Clear","None",0,410000,21000,"4.7","4.5","1",NA,"2",1,"Friday","Weekday","Early Morning",15.038961038961,FALSE,1.93
"GB2025000951",2025-10-19 12:31:00,"Ho Chi Minh City","GrabFood","Tourist",21,"Preferred",4.7,"Card","Mobile App",2.87,6.9,9.3,6.1,"Low","Clear","WEEKEND",4000,243000,11000,"4.5","3.6","1",NA,"1",12,"Sunday","Weekend","Lunch",24.9565217391304,FALSE,2.87
"GB2025000952",2025-11-05 01:40:00,"Bien Hoa","GrabFood","Corporate",25,"Standard",1.2,"Cash","Mobile App",3.78,17.4,19.2,5.8,"Medium","Clear","None",0,251000,21000,"4.6","4.8","1",NA,"2",1,"Wednesday","Weekday","Early Morning",13.0344827586207,FALSE,3.78
"GB2025000960",2025-03-18 06:18:00,"Hanoi","GrabMart","Frequent User",58,"High Performer",4.4,"Cash","Mobile App",11.76,87.4,104.4,11.1,"Severe","Cloudy","WEEKEND",10000,94000,28000,"4.4","4.8","1",NA,"2",6,"Tuesday","Weekday","Morning",8.07322654462243,FALSE,11.76
"GB2025000962",2025-11-23 17:31:00,"Hanoi","GrabFood","Tourist",22,"Standard",4,"Moca Wallet","Mobile App",6.78,24.6,29.4,11.6,"Severe","Clear","LOYALTY",4000,205000,34000,"4.9","4.7","1",NA,"3",17,"Sunday","Weekend","Evening",16.5365853658537,FALSE,6.78
"GB2025000963",2025-06-16 21:40:00,"Ho Chi Minh City","GrabFood","Frequent User",34,"Standard",3.1,"Cash","Mobile App",NA,20.3,20.2,7.9,"Low","Clear","FOOD20",6000,56000,5000,"4.2","4.4","1",NA,"0",21,"Monday","Weekday","Night",NA,NA,NA
"GB2025000965",2025-05-23 19:40:00,"Da Nang","GrabFood","Tourist",48,"Standard",5.2,"Cash","Mobile App",2.87,7.5,8.5,3.2,NA,"Rain","None",0,243000,22000,"4.1","4.1","1",NA,"2",19,"Friday","Weekday","Evening",22.96,FALSE,2.87
"GB2025000966",2025-03-24 07:31:00,"Ho Chi Minh City","GrabFood","Frequent User",41,"Preferred",1.4,"Cash","Mobile App",1.53,4.2,5.2,1.8,"Medium","Cloudy","None",0,69000,11000,"4.0","4.8","1",NA,"1",7,"Monday","Weekday","Morning",21.8571428571429,FALSE,1.53
"GB2025000969",2025-02-13 03:10:00,"Ho Chi Minh City","GrabFood","Family",48,"New",NA,"Cash","Mobile App",1.68,9,9.6,11.3,"Severe","Cloudy","None",0,137000,16000,"4.6","5.0","1",NA,"1",3,"Thursday","Weekday","Early Morning",11.2,FALSE,1.68
"GB2025000970",2025-12-20 22:06:00,"Ho Chi Minh City","GrabMart","Tourist",31,"Preferred",4.8,"Cash","Mobile App",2.92,10.3,12.5,7.6,NA,"Cloudy","FOOD20",2000,435000,38000,"3.8","4.5","1",NA,"3",22,"Saturday","Weekend","Night",17.0097087378641,FALSE,2.92
"GB2025000973",2025-09-12 02:30:00,"Ho Chi Minh City","GrabFood","Frequent User",55,"Preferred",5.7,"Moca Wallet","Mobile App",1.67,3.9,5.2,5.9,NA,"Clear","None",0,327000,12000,"5","4.7","1",NA,"1",2,"Friday","Weekday","Early Morning",25.6923076923077,FALSE,1.67
"GB2025000975",2025-01-12 17:12:00,"Can Tho","GrabFood","Frequent User",55,"Standard",1.1,"Card","Partner App",3.19,13.1,15.7,6.2,"Low","Heavy Rain","None",0,59000,13000,"4.3","4.2","1",NA,"1",17,"Sunday","Weekend","Evening",14.6106870229008,FALSE,3.19
"GB2025000977",2025-02-21 17:29:00,"Hanoi","GrabFood","Corporate",21,"New",1.9,"Cash","Mobile App",6.28,30.8,27.6,4.1,"Medium","Clear","None",0,135000,24000,"5","4.7","1",NA,"2",17,"Friday","Weekday","Evening",12.2337662337662,FALSE,6.28
"GB2025000979",2025-05-23 03:38:00,"Ho Chi Minh City","GrabMart","Frequent User",25,"High Performer",5.5,"Cash","Mobile App",2.21,6.4,5.6,3.3,"Medium","Clear","FOOD20",1000,89000,10000,"4.2","4.4","1",NA,"1",3,"Friday","Weekday","Early Morning",20.71875,FALSE,2.21
"GB2025000981",2025-04-02 13:56:00,"Ho Chi Minh City","GrabFood","Family",56,"Preferred",2.9,"Card","Mobile App",2.83,16,16.6,7.4,"High","Cloudy","FOOD20",5000,102000,13000,"4.3","3.4","1",NA,"1",13,"Wednesday","Weekday","Lunch",10.6125,FALSE,2.83
"GB2025000983",2025-10-05 06:26:00,"Hue","GrabFood","Frequent User",38,"High Performer",3.5,"Corporate Account","Mobile App",1.22,4.1,4.4,1.4,"Low","Cloudy","WEEKEND",3000,79000,5000,"4.8","5","1",NA,"0",6,"Sunday","Weekend","Morning",17.8536585365854,FALSE,1.22
"GB2025000984",2025-10-20 13:34:00,"Ho Chi Minh City","GrabFood","Corporate",47,"New",2.4,"Corporate Account","Mobile App",4.08,26,NA,10.5,"High","Clear","LOYALTY",2000,61000,13000,"4.5","4.2","1",NA,"1",13,"Monday","Weekday","Lunch",9.41538461538462,FALSE,4.08
"GB2025000988",2025-12-25 19:37:00,"Hanoi","GrabFood","Frequent User",56,"Standard",3.2,"Cash","Mobile App",6.89,32.2,29.7,14,"Severe","Cloudy","LOYALTY",10000,213000,18000,"4.3","3.8","1",NA,"1",19,"Thursday","Weekday","Evening",12.8385093167702,FALSE,6.89
"GB2025000990",2025-10-25 17:34:00,"Ho Chi Minh City","GrabFood","Working Professional",60,"Preferred",0.2,"Card","Mobile App",4.6,27.3,28.1,7.2,"High","Rain","None",0,109000,22000,"4.3","4.9","1",NA,"2",17,"Saturday","Weekend","Evening",10.1098901098901,FALSE,4.6
"GB2025000997",2025-04-06 23:27:00,"Hai Phong","GrabFood","Working Professional",43,"Preferred",1.3,"Card","Mobile App",0.94,2.9,3.5,3.6,"Low","Clear","WELCOME",1000,273000,16000,NA,NA,"0","Payment issue","0",23,"Sunday","Weekend","Night",19.448275862069,FALSE,0.94
"GB2025001006",2025-11-08 18:36:00,"Ho Chi Minh City","GrabFood","Tourist",22,"Preferred",2.1,"Cash","Mobile App",1.66,9,9.3,6.6,"Medium","Heavy Rain","FOOD20",4000,164000,11000,"4.3","4.0","1",NA,"1",18,"Saturday","Weekend","Evening",11.0666666666667,FALSE,1.66
"GB2025001008",2025-10-20 12:22:00,"Ho Chi Minh City","GrabFood","Frequent User",35,"High Performer",1.9,"Cash","Mobile App",3.41,15.2,18.5,2.9,"Low","Clear","None",0,336000,23000,"4.1","4.6","1",NA,"2",12,"Monday","Weekday","Lunch",13.4605263157895,FALSE,3.41
"GB2025001011",2025-07-12 16:00:00,"Hanoi","GrabMart","Student",52,"Preferred",2.1,"Card","Mobile App",2.72,10.9,11.4,6.7,"Medium","Cloudy","None",0,128000,14000,"4.8","3.8","1",NA,"1",16,"Saturday","Weekend","Afternoon",14.9724770642202,FALSE,2.72
"GB2025001017",2025-08-07 08:04:00,"Hai Phong","GrabFood","Family",23,"High Performer",2.4,"Corporate Account","Mobile App",5.21,30.1,35.2,9.7,"Severe","Cloudy","WELCOME",5000,383000,27000,"3.9","4.8","1",NA,"2",8,"Thursday","Weekday","Morning",10.3853820598007,FALSE,5.21
"GB2025001028",2025-02-09 15:08:00,"Ho Chi Minh City","GrabFood","Family",60,"Standard",1,NA,"Mobile App",8.51,39,38.6,7.1,"Low","Clear","WELCOME",7000,386000,NA,"4.9","3.9","1",NA,"3",15,"Sunday","Weekend","Afternoon",13.0923076923077,FALSE,8.51
"GB2025001033",2025-01-05 19:21:00,"Hanoi","GrabFood","Tourist",30,"Standard",2.2,"Cash","Mobile App",4.64,18.2,15.9,18.1,"Severe","Heavy Rain","None",0,70000,26000,"5","4.7","1",NA,"2",19,"Sunday","Weekend","Evening",15.2967032967033,FALSE,4.64
"GB2025001041",2025-04-26 15:39:00,"Ho Chi Minh City","GrabFood","Student",35,"New",0.4,"Cash","Mobile App",3.5,11.2,9.6,2.8,"Low","Cloudy","None",0,272000,23000,"4.1","4.2","1",NA,"2",15,"Saturday","Weekend","Afternoon",18.75,FALSE,3.5
"GB2025001046",2025-12-03 12:33:00,"Nha Trang","GrabFood","Frequent User",19,"Standard",2.6,"Cash","Mobile App",5.34,21.8,19.6,8.3,"Low","Rain","FOOD20",8000,440000,9000,"4.6","3.9","1",NA,"0",12,"Wednesday","Weekday","Lunch",14.697247706422,FALSE,5.34
"GB2025001047",2025-07-21 03:15:00,"Ho Chi Minh City","GrabMart","Corporate",44,"Preferred",0.6,"Cash","Mobile App",3.65,9.8,11.5,2.4,"Low","Clear","None",0,4e+05,37000,"4.6","4.7","1",NA,"3",3,"Monday","Weekday","Early Morning",22.3469387755102,FALSE,3.65
"GB2025001051",2025-05-08 00:36:00,"Da Nang","GrabFood","Tourist",48,"High Performer",1,"Moca Wallet","Web Booking",3.64,20.6,27.4,11.8,"Severe","Clear","None",0,327000,17000,"4.7","4.6","1",NA,"1",0,"Thursday","Weekday","Early Morning",10.6019417475728,FALSE,3.64
"GB2025001054",2025-07-14 07:00:00,"Da Nang","GrabFood","Student",19,"High Performer",4,"Corporate Account","Mobile App",6.64,23.1,25.3,2.8,"High","Clear","WEEKEND",4000,385000,40000,"4.9","4.7","1",NA,"4",7,"Monday","Weekday","Morning",17.2467532467532,FALSE,6.64
"GB2025001058",2025-04-27 02:47:00,"Hanoi","GrabFood","Frequent User",26,"High Performer",1.4,"Card","Mobile App",2.63,9.4,8.7,6,"Medium","Clear","None",0,136000,12000,"4.4","4.9","1",NA,"1",2,"Sunday","Weekend","Early Morning",16.7872340425532,FALSE,2.63
"GB2025001060",2025-04-14 18:14:00,"Ho Chi Minh City","GrabMart","Frequent User",33,"Standard",1.8,"Moca Wallet","Mobile App",1.62,8.7,11.6,7.2,"Medium","Clear","WEEKEND",1000,111000,8000,"4.4","4.5","1",NA,"0",18,"Monday","Weekday","Evening",11.1724137931035,FALSE,1.62
"GB2025001061",2025-05-05 06:50:00,"Hai Phong","GrabFood","Corporate",41,"Standard",4.6,"Card","Web Booking",1.74,5.3,6.4,9.6,"Medium","Cloudy","RIDE10",1000,356000,32000,"5","4.4","1",NA,"3",6,"Monday","Weekday","Morning",19.6981132075472,FALSE,1.74
"GB2025001066",2025-07-15 01:31:00,"Nha Trang","GrabFood","Tourist",37,"New",1.5,"Cash","Mobile App",1.04,5,5.5,4.8,"Medium","Cloudy","FOOD20",3000,267000,19000,"4.2","5.0","1",NA,"1",1,"Tuesday","Weekday","Early Morning",12.48,FALSE,1.04
"GB2025001071",2025-11-13 06:22:00,"Da Nang","GrabFood","Corporate",59,"Preferred",2.7,"Card","Mobile App",2.26,6.6,7.4,7,"Low","Clear","None",0,350000,27000,"4.1","4.7","1",NA,"2",6,"Thursday","Weekday","Morning",20.5454545454545,FALSE,2.26
"GB2025001075",2025-03-03 13:10:00,"Ho Chi Minh City","GrabMart","Student",58,"Standard",0.7,"Card","Mobile App",6.33,23.2,30.6,1.4,"Medium","Cloudy","None",0,203000,NA,"4.8","5","1",NA,"2",13,"Monday","Weekday","Lunch",16.3706896551724,FALSE,6.33
"GB2025001076",2025-10-24 03:40:00,"Da Nang","GrabFood","Tourist",42,"Standard",3.1,"Card","Mobile App",4.92,22.2,28.6,9.4,"Medium","Clear","WEEKEND",2000,312000,33000,"4.7","4.2","1",NA,"3",3,"Friday","Weekday","Early Morning",13.2972972972973,FALSE,4.92
"GB2025001079",2025-08-10 09:34:00,"Ho Chi Minh City","GrabMart","Student",55,"Preferred",1.6,"Moca Wallet","Mobile App",0.69,2.1,2.8,3.6,"Medium","Clear","LOYALTY",1000,334000,21000,"4.3","4.2","1",NA,"2",9,"Sunday","Weekend","Morning",19.7142857142857,FALSE,0.69
"GB2025001082",2025-01-15 18:02:00,"Ho Chi Minh City","GrabMart","Frequent User",39,"High Performer",2.9,"Card","Mobile App",6.6,35.4,36.4,9,"High","Clear","None",0,322000,47000,"4.5","4.1","1",NA,"4",18,"Wednesday","Weekday","Evening",11.1864406779661,FALSE,6.6
"GB2025001083",2025-07-11 02:51:00,"Can Tho","GrabFood","Tourist",23,"Standard",6.6,"Cash","Mobile App",3.11,12.9,14.6,1.7,"Medium","Clear","MART15",4000,362000,32000,"4.6","4.7","1",NA,"3",2,"Friday","Weekday","Early Morning",14.4651162790698,FALSE,3.11
"GB2025001085",2025-09-27 10:02:00,"Hai Phong","GrabMart","Tourist",52,"High Performer",5.3,"Card","Mobile App",3.92,11.9,NA,7.9,"Low","Clear","FOOD20",6000,379000,34000,NA,"4.7","1",NA,"3",10,"Saturday","Weekend","Morning",19.7647058823529,FALSE,3.92
"GB2025001094",2025-10-01 20:47:00,"Ho Chi Minh City","GrabFood","Working Professional",44,"Preferred",2.1,"Cash","Mobile App",1.53,5.6,5.5,4.3,"Low","Clear","WELCOME",4000,296000,10000,"4.7","3.8","1",NA,"1",20,"Wednesday","Weekday","Evening",16.3928571428571,FALSE,1.53
"GB2025001101",2025-12-09 13:21:00,"Hanoi","GrabFood","Student",40,"Standard",3.2,"Cash","Mobile App",6.45,18.9,24.7,5.3,"Low","Heavy Rain","WELCOME",3000,139000,17000,"4.4",NA,"1",NA,"1",13,"Tuesday","Weekday","Lunch",20.4761904761905,FALSE,6.45
"GB2025001104",2025-08-01 10:42:00,"Hanoi","GrabFood","Student",28,"New",3.9,"Cash","Mobile App",2.85,14.5,14.4,10.4,"High","Cloudy","WELCOME",6000,309000,25000,"4.9","4.5","1",NA,"2",10,"Friday","Weekday","Morning",11.7931034482759,FALSE,2.85
"GB2025001108",2025-01-14 10:40:00,"Hanoi","GrabMart","Tourist",35,"Standard",2.2,"Moca Wallet","Mobile App",7.69,35.1,30.5,9.3,"Medium","Cloudy","None",0,341000,31000,"4.3","4.9","1",NA,"3",10,"Tuesday","Weekday","Morning",13.1452991452991,FALSE,7.69
"GB2025001110",2025-12-03 03:52:00,"Ho Chi Minh City","GrabMart","Working Professional",18,"New",1.8,"Card","Mobile App",5.86,22.1,29.5,6.6,"Medium","Clear","None",0,135000,22000,"4.9","4.5","1",NA,"2",3,"Wednesday","Weekday","Early Morning",15.9095022624434,FALSE,5.86
"GB2025001121",2025-06-20 01:55:00,"Hanoi","GrabFood","Working Professional",44,"High Performer",6.5,"Moca Wallet","Mobile App",1.19,3.9,4.7,9,"Medium","Rain","RIDE10",1000,289000,21000,"4.3","3.6","1",NA,"2",1,"Friday","Weekday","Early Morning",18.3076923076923,FALSE,1.19
"GB2025001123",2025-08-28 11:04:00,"Ho Chi Minh City","GrabFood","Student",46,"New",2,"Moca Wallet","Mobile App",2.91,9,11.9,2.5,"Medium","Cloudy","None",0,396000,37000,NA,NA,"0","Customer changed mind","0",11,"Thursday","Weekday","Lunch",19.4,FALSE,2.91
"GB2025001124",2025-07-29 00:23:00,"Ho Chi Minh City","GrabFood","Frequent User",31,"Standard",0.7,"Moca Wallet","Mobile App",3.51,14.9,19,NA,"Medium","Cloudy","None",0,356000,17000,"4.4","4.2","1",NA,"1",0,"Tuesday","Weekday","Early Morning",14.1342281879195,FALSE,3.51
"GB2025001130",2025-10-23 10:50:00,"Ho Chi Minh City","GrabFood","Working Professional",43,"High Performer",NA,"Card","Mobile App",NA,12.3,14.4,3.5,"Low","Clear","None",0,69000,17000,"4.6","4.7","1",NA,"1",10,"Thursday","Weekday","Morning",NA,NA,NA
"GB2025001131",2025-08-22 14:04:00,"Bien Hoa","GrabFood","Corporate",41,"High Performer",3.8,"Card","Mobile App",2.59,7,9.1,2.1,"Medium","Cloudy","LOYALTY",4000,398000,25000,"3.9","4.1","1",NA,"2",14,"Friday","Weekday","Afternoon",22.2,FALSE,2.59
"GB2025001132",2025-09-24 06:52:00,"Hanoi","GrabFood","Student",59,"Preferred",4.1,"Moca Wallet","Mobile App",1.87,8.1,10,3.6,"Low","Clear","LOYALTY",2000,87000,8000,"4.5","4.3","1",NA,"0",6,"Wednesday","Weekday","Morning",13.8518518518519,FALSE,1.87
"GB2025001134",2025-10-27 21:21:00,"Bien Hoa","GrabMart","Corporate",31,"High Performer",1.3,"Card","Mobile App",4.54,24.4,26.4,10,"Medium","Rain","None",0,247000,16000,"4.2","4.3","1",NA,"1",21,"Monday","Weekday","Night",11.1639344262295,FALSE,4.54
"GB2025001135",2025-06-08 15:42:00,"Hue","GrabMart","Frequent User",35,"High Performer",1.1,"Card","Mobile App",4.82,13.9,16.5,5.1,"Medium","Cloudy","RIDE10",6000,106000,8000,"4.6","4.3","1",NA,"0",15,"Sunday","Weekend","Afternoon",20.8057553956835,FALSE,4.82
"GB2025001137",2025-05-02 18:35:00,"Hanoi","GrabMart","Corporate",48,"High Performer",2.1,"Card","Mobile App",3.2,9.5,11,5.8,"Medium","Clear","RIDE10",3000,50000,7000,"4.8","5","1",NA,"0",18,"Friday","Weekday","Evening",20.2105263157895,FALSE,3.2
"GB2025001139",2025-12-29 06:48:00,"Ho Chi Minh City","GrabFood","Corporate",58,"Preferred",0.7,"Moca Wallet","Mobile App",2.17,12.4,13.9,7.3,"High","Cloudy","FOOD20",5000,141000,10000,NA,"4.7","1",NA,"1",6,"Monday","Weekday","Morning",10.5,FALSE,2.17
"GB2025001144",2025-10-17 05:29:00,"Can Tho","GrabMart","Student",34,"New",4.7,"Cash","Mobile App",1.51,5.3,4.9,1.9,"Medium","Cloudy","None",0,261000,23000,"4.4","4.4","1",NA,"2",5,"Friday","Weekday","Early Morning",17.0943396226415,FALSE,1.51
"GB2025001149",2025-03-19 15:06:00,"Hanoi","GrabFood","Tourist",34,"High Performer",NA,"Cash","Mobile App",5.73,15.7,17.8,10.4,"Low","Heavy Rain","None",0,161000,21000,NA,"4.1","1",NA,"2",15,"Wednesday","Weekday","Afternoon",21.8980891719745,FALSE,5.73
"GB2025001154",2025-09-13 00:40:00,"Ho Chi Minh City","GrabFood","Working Professional",NA,"Preferred",2,"Card","Mobile App",6.51,48.2,43.4,8.7,"Severe","Rain","LOYALTY",11000,95000,9000,"4.7","4.4","1",NA,"0",0,"Saturday","Weekend","Early Morning",8.10373443983402,FALSE,6.51
"GB2025001155",2025-08-29 00:38:00,"Ho Chi Minh City","GrabMart","Working Professional",54,"Standard",3.3,"Cash","Partner App",3.19,14.5,16.1,2.8,"Low","Cloudy","None",0,266000,18000,"4.3","3.9","1",NA,"1",0,"Friday","Weekday","Early Morning",13.2,FALSE,3.19
"GB2025001163",2025-05-22 05:32:00,"Da Nang","GrabFood","Corporate",60,"New",3.3,"Moca Wallet","Mobile App",4.39,15.1,20.2,5.2,"Low","Clear","None",0,247000,28000,"4.0","3.8","1",NA,"2",5,"Thursday","Weekday","Early Morning",17.4437086092715,FALSE,4.39
"GB2025001166",2025-10-05 16:43:00,"Ho Chi Minh City","GrabFood","Corporate",59,"Standard",1.8,"Corporate Account","Mobile App",7.43,19.7,21.8,3.5,"Low","Clear","None",0,150000,18000,"4.9","4.4","1",NA,"1",16,"Sunday","Weekend","Afternoon",22.6294416243655,FALSE,7.43
"GB2025001173",2025-11-16 04:45:00,"Hai Phong","GrabFood","Student",29,"Standard",1.5,"Cash","Web Booking",5.4,20.7,22.8,7.8,"Low","Cloudy","None",0,278000,17000,"4.4","3.9","1",NA,"1",4,"Sunday","Weekend","Early Morning",15.6521739130435,FALSE,5.4
"GB2025001174",2025-06-22 21:25:00,"Hanoi","GrabFood","Frequent User",52,"Standard",2.2,"Cash","Mobile App",2.9,10.8,12.2,4.7,"Low","Cloudy","None",0,257000,23000,"4.7","4.0","1",NA,"2",21,"Sunday","Weekend","Night",16.1111111111111,FALSE,2.9
"GB2025001175",2025-09-24 05:44:00,"Hanoi","GrabMart","Student",33,"New",0.3,"Cash","Mobile App",8.66,36.5,38,2.2,"Low","Clear","None",0,209000,21000,"4.6","4.4","1",NA,"2",5,"Wednesday","Weekday","Early Morning",14.2356164383562,FALSE,8.66
"GB2025001178",2025-02-11 06:50:00,"Ho Chi Minh City","GrabFood","Family",23,"Standard",0.4,"Cash","Mobile App",3.55,13.1,16.9,6.7,"Medium","Clear","LOYALTY",6000,448000,26000,"4.3","4.2","1",NA,"2",6,"Tuesday","Weekday","Morning",16.2595419847328,FALSE,3.55
"GB2025001180",2025-08-02 12:20:00,"Ho Chi Minh City","GrabFood","Frequent User",45,"Standard",0.3,"Card","Mobile App",3.22,17.3,21.4,3.4,"Medium","Clear","None",0,232000,13000,NA,NA,"0","Long wait time","0",12,"Saturday","Weekend","Lunch",11.1676300578035,FALSE,3.22
"GB2025001181",2025-04-18 16:23:00,"Da Nang","GrabFood","Tourist",18,"Standard",4.3,"Moca Wallet","Mobile App",0.7,3.4,4.2,4,"Medium",NA,"RIDE10",3000,312000,11000,"4.9","4.6","1",NA,"1",16,"Friday","Weekday","Afternoon",12.3529411764706,FALSE,0.7
"GB2025001186",2025-04-22 02:11:00,"Hanoi","GrabMart","Family",44,"Standard",2.2,"Cash","Mobile App",NA,7.2,6.9,7.9,"Low","Cloudy","None",0,305000,24000,"5","4.2","1",NA,"2",2,"Tuesday","Weekday","Early Morning",NA,NA,NA
"GB2025001189",2025-03-23 07:39:00,"Hanoi","GrabFood","Frequent User",36,"New",1.3,"Card","Partner App",6.21,32.8,27.9,NA,"High","Clear","MART15",4000,309000,40000,"4.5","4.9","1",NA,"4",7,"Sunday","Weekend","Morning",11.359756097561,FALSE,6.21
"GB2025001190",2025-07-02 15:53:00,"Bien Hoa","GrabFood","Tourist",24,"High Performer",7.1,"Card","Mobile App",4.9,21.3,27.3,4.8,"Medium",NA,"LOYALTY",4000,404000,30000,"4.8","5.0","1",NA,"3",15,"Wednesday","Weekday","Afternoon",13.8028169014085,FALSE,4.9
"GB2025001193",2025-01-16 23:51:00,"Ho Chi Minh City","GrabMart","Student",52,"New",5.3,"Cash","Mobile App",0.66,2.1,1.9,1.7,"Low","Cloudy","None",0,360000,17000,"4.3","4.7","1",NA,"1",23,"Thursday","Weekday","Night",18.8571428571429,FALSE,0.66
"GB2025001198",2025-05-16 11:45:00,"Hue","GrabMart","Frequent User",24,"High Performer",2,"Cash","Mobile App",4.22,18.8,20.5,2.9,"Low","Clear","None",0,152000,19000,"4.5","4.3","1",NA,"1",11,"Friday","Weekday","Lunch",13.468085106383,FALSE,4.22
"GB2025001199",2025-04-10 00:12:00,"Hai Phong","GrabFood","Working Professional",25,"New",2.5,"Cash","Mobile App",4.11,16.8,19.7,6.1,"Low","Cloudy","None",0,343000,16000,"4.7","4.2","1",NA,"1",0,"Thursday","Weekday","Early Morning",14.6785714285714,FALSE,4.11
"GB2025001202",2025-08-27 21:28:00,"Hanoi","GrabFood","Tourist",52,"Preferred",0.3,"Cash","Mobile App",2.79,15.8,16.2,10.1,"High","Clear","WELCOME",2000,243000,NA,"4.5","4.1","1",NA,"1",21,"Wednesday","Weekday","Night",10.5949367088608,FALSE,2.79
"GB2025001208",2025-09-02 00:29:00,"Hanoi","GrabFood","Frequent User",35,"New",4.6,"Card","Mobile App",1.9,12,13.6,4.4,"High","Cloudy","LOYALTY",2000,396000,17000,"4.2","5","1",NA,"1",0,"Tuesday","Weekday","Early Morning",9.5,FALSE,1.9
"GB2025001211",2025-05-28 20:21:00,"Ho Chi Minh City","GrabFood","Frequent User",38,"Preferred",7.2,"Card","Mobile App",10.68,54.9,65.7,10.7,"Medium","Rain","None",0,201000,32000,"4.2","5","1",NA,"3",20,"Wednesday","Weekday","Evening",11.672131147541,FALSE,10.68
"GB2025001218",2025-09-12 01:32:00,"Da Nang","GrabMart","Frequent User",56,"High Performer",0.8,"Moca Wallet","Mobile App",4.44,10.7,10,4.3,"Low","Clear","RIDE10",5000,96000,10000,"4.0","4.5","1",NA,"1",1,"Friday","Weekday","Early Morning",24.8971962616822,FALSE,4.44
"GB2025001220",2025-06-19 13:24:00,"Hanoi","GrabFood","Tourist",31,"New",2.8,"Card","Mobile App",4.1,23.4,27,7.6,"High","Rain","None",0,63000,11000,"4.8","3.8","1",NA,"1",13,"Thursday","Weekday","Lunch",10.5128205128205,FALSE,4.1
"GB2025001222",2025-06-25 13:56:00,"Bien Hoa","GrabMart","Tourist",23,"High Performer",17.6,"Moca Wallet","Mobile App",2.6,7.1,8.7,6.4,"Medium","Clear","None",0,101000,9000,"5","4.6","1",NA,"0",13,"Wednesday","Weekday","Lunch",21.9718309859155,FALSE,2.6
"GB2025001225",2025-12-12 04:25:00,"Hanoi","GrabFood","Corporate",25,"Standard",5.7,"Moca Wallet","Mobile App",3.37,13.4,16.5,5.7,"Medium","Clear","WELCOME",3000,361000,28000,"4.5","4.0","1",NA,"2",4,"Friday","Weekday","Early Morning",15.089552238806,FALSE,3.37
"GB2025001230",2025-05-16 18:19:00,"Ho Chi Minh City","GrabFood","Working Professional",55,"High Performer",4.8,"Cash","Mobile App",1.78,5.6,5.4,9.4,"High","Cloudy","LOYALTY",2000,406000,26000,"5","5.0","1",NA,"2",18,"Friday","Weekday","Evening",19.0714285714286,FALSE,1.78
"GB2025001234",2025-12-27 20:18:00,"Hanoi","GrabFood","Tourist",59,"Standard",2,"Cash","Mobile App",0.72,3.4,4.3,10,"Low","Rain","LOYALTY",1000,75000,6000,"4.3","4.3","1",NA,"0",20,"Saturday","Weekend","Evening",12.7058823529412,FALSE,0.72
"GB2025001235",2025-09-28 05:00:00,"Hai Phong","GrabFood","Student",35,"High Performer",1.5,"Moca Wallet","Mobile App",1.7,6,7.4,9.6,"Medium","Cloudy","None",0,150000,14000,"5.0","3.7","1",NA,"1",5,"Sunday","Weekend","Early Morning",17,FALSE,1.7
"GB2025001237",2025-06-01 21:37:00,"Ho Chi Minh City","GrabFood","Student",49,"Standard",3.1,"Cash","Mobile App",1.99,7.8,7.6,5.2,"High","Rain","WELCOME",4000,354000,29000,NA,NA,"0","App issue","0",21,"Sunday","Weekend","Night",15.3076923076923,FALSE,1.99
"GB2025001239",2025-08-10 11:20:00,"Da Nang","GrabFood","Student",42,"High Performer",0.8,"Moca Wallet","Mobile App",3.31,9.8,11.3,1.6,"Low","Clear","None",0,225000,19000,"5","4.7","1",NA,"1",11,"Sunday","Weekend","Lunch",20.265306122449,FALSE,3.31
"GB2025001242",2025-04-26 00:48:00,"Da Nang","GrabFood","Corporate",NA,"New",1,"Card","Mobile App",1.61,7.9,8.1,7.8,"High","Clear","MART15",5000,216000,7000,"4.4","4.2","1",NA,"0",0,"Saturday","Weekend","Early Morning",12.2278481012658,FALSE,1.61
"GB2025001247",2025-09-16 05:57:00,"Hue","GrabFood","Working Professional",26,"High Performer",5,"Card","Mobile App",1.64,7,7.9,11.8,"Severe","Clear","RIDE10",3000,51000,5000,NA,NA,"0","Payment issue","0",5,"Tuesday","Weekday","Early Morning",14.0571428571429,FALSE,1.64
"GB2025001252",2025-04-07 08:11:00,"Ho Chi Minh City","GrabFood","Working Professional",38,"New",1.4,"Cash","Mobile App",81.68,5.1,6.8,3.7,"Medium","Clear","RIDE10",3000,357000,34000,"5","4.0","1",NA,"3",8,"Monday","Weekday","Morning",960.941176470588,TRUE,NA
"GB2025001253",2025-07-11 10:13:00,"Bien Hoa","GrabMart","Tourist",22,"New",0.9,"Moca Wallet","Mobile App",0.9,4.5,5.2,9.4,"Medium","Cloudy","WEEKEND",2000,178000,17000,"4.2","4.6","1",NA,"1",10,"Friday","Weekday","Morning",12,FALSE,0.9
"GB2025001262",2025-10-01 04:04:00,"Ho Chi Minh City","GrabFood","Frequent User",21,"Standard",0.4,"Moca Wallet","Mobile App",2.4,11.5,13.4,1.8,"Low","Clear","WELCOME",4000,445000,21000,"4.4","4.1","1",NA,"2",4,"Wednesday","Weekday","Early Morning",12.5217391304348,FALSE,2.4
"GB2025001278",2025-08-14 05:47:00,"Hanoi","GrabFood","Tourist",56,"Standard",5,"Cash","Mobile App",6.02,42.8,50.7,6.4,"Severe","Clear","FOOD20",9000,354000,31000,"4.9","4.1","1",NA,"3",5,"Thursday","Weekday","Early Morning",8.4392523364486,FALSE,6.02
"GB2025001279",2025-04-05 11:51:00,"Da Nang","GrabFood","Corporate",33,"New",4.1,"Moca Wallet","Mobile App",2.91,15.9,21.2,15,"High","Rain","RIDE10",3000,117000,6000,"4.8","5","1",NA,"0",11,"Saturday","Weekend","Lunch",10.9811320754717,FALSE,2.91
"GB2025001281",2025-08-07 09:23:00,"Ho Chi Minh City","GrabFood","Corporate",20,"Preferred",4.3,"Cash","Mobile App",1.43,4.5,5.4,7.8,"Medium","Clear","None",0,63000,7000,NA,NA,"0","Customer changed mind","0",9,"Thursday","Weekday","Morning",19.0666666666667,FALSE,1.43
"GB2025001283",2025-11-15 02:41:00,"Hanoi","GrabMart","Student",44,"High Performer",2.9,"Moca Wallet","Mobile App",3.57,21.5,23,11.7,"High","Cloudy","None",0,299000,25000,"4.8","4.0","1",NA,"2",2,"Saturday","Weekend","Early Morning",9.96279069767442,FALSE,3.57
"GB2025001285",2025-03-11 10:20:00,"Ho Chi Minh City","GrabFood","Family",46,"Standard",3.1,"Cash","Mobile App",1.23,4.6,5,5.7,"Medium","Clear","WELCOME",2000,305000,19000,"4.7","4.4","1",NA,"1",10,"Tuesday","Weekday","Morning",16.0434782608696,FALSE,1.23
"GB2025001289",2025-07-23 19:15:00,"Ho Chi Minh City","GrabFood","Working Professional",51,"Preferred",5.5,"Moca Wallet","Mobile App",1.07,4,5.3,2.6,"Severe","Clear","None",0,388000,32000,"4.5","4.0","1",NA,"3",19,"Wednesday","Weekday","Evening",16.05,FALSE,1.07
"GB2025001292",2025-12-05 05:33:00,"Hai Phong","GrabFood","Family",46,"Standard",2.9,"Card","Mobile App",6.78,15.4,14,5.5,"Low","Rain","None",0,419000,29000,"5","4.4","1",NA,"2",5,"Friday","Weekday","Early Morning",26.4155844155844,FALSE,6.78
"GB2025001294",2025-09-08 09:53:00,"Hue","GrabFood","Family",41,"Standard",2.4,"Card","Mobile App",3.41,21,21.3,10.5,"Severe","Clear","None",0,87000,12000,"4.4","4.2","1",NA,"1",9,"Monday","Weekday","Morning",9.74285714285714,FALSE,3.41
"GB2025001296",2025-09-21 06:36:00,"Ho Chi Minh City","GrabFood","Frequent User",36,"High Performer",2.1,"Cash","Mobile App",7.53,33.3,39.2,6.9,"Medium","Rain","RIDE10",12000,120000,13000,"4.6","4.5","1",NA,"1",6,"Sunday","Weekend","Morning",13.5675675675676,FALSE,7.53
"GB2025001297",2025-06-27 00:59:00,"Can Tho","GrabFood","Frequent User",34,"New",5.6,"Cash","Mobile App",2.54,10.7,10.1,5.2,"Low",NA,"None",0,144000,13000,"4.8","3.7","1",NA,"1",0,"Friday","Weekday","Early Morning",14.2429906542056,FALSE,2.54
"GB2025001298",2025-09-17 10:33:00,"Hue","GrabMart","Family",23,"Standard",2.7,"Card","Mobile App",3.55,19.2,17.6,7,"High","Clear","WEEKEND",5000,254000,7000,"4.2","3.9","1",NA,"0",10,"Wednesday","Weekday","Morning",11.09375,FALSE,3.55
"GB2025001301",2025-09-05 06:18:00,"Can Tho","GrabMart","Frequent User",60,"High Performer",1.6,"Card","Mobile App",4.61,16.1,20.5,6.8,"Low","Cloudy","FOOD20",7000,281000,6000,"4.6","4.9","1",NA,"0",6,"Friday","Weekday","Morning",17.1801242236025,FALSE,4.61
"GB2025001307",2025-05-29 02:25:00,"Ho Chi Minh City","GrabFood","Working Professional",42,"New",1.5,"Corporate Account","Mobile App",2.18,10.1,9.4,4.9,"Medium","Clear","RIDE10",5000,53000,5000,"3.8","3.9","1",NA,"0",2,"Thursday","Weekday","Early Morning",12.950495049505,FALSE,2.18
"GB2025001310",2025-12-22 21:17:00,"Hanoi","GrabFood","Tourist",40,"New",1.9,"Card","Mobile App",1.74,7.2,6.2,1.2,"Low","Clear","FOOD20",4000,355000,NA,"4.7","4.2","1",NA,"2",21,"Monday","Weekday","Night",14.5,FALSE,1.74
"GB2025001321",2025-01-27 17:18:00,"Can Tho","GrabFood","Corporate",59,"Standard",2,"Card","Mobile App",3.76,14.9,18,4.9,"Medium","Cloudy","LOYALTY",4000,313000,19000,"4.1","4.9","1",NA,"1",17,"Monday","Weekday","Evening",15.1409395973154,FALSE,3.76
"GB2025001324",2025-05-14 06:12:00,"Hanoi","GrabFood","Family",42,"New",0.9,"Cash","Mobile App",107.52,5.6,5.3,10.3,"High","Clear","LOYALTY",1000,228000,2487000,"4.7","4.5","1",NA,"1",6,"Wednesday","Weekday","Morning",1152,TRUE,NA
"GB2025001326",2025-07-22 06:57:00,"Hanoi","GrabMart","Tourist",61,"High Performer",0.4,"Card","Mobile App",2.31,13.9,16.4,11.2,"Severe","Rain","WEEKEND",3000,332000,29000,"4.3","4.8","1",NA,"2",6,"Tuesday","Weekday","Morning",9.97122302158273,FALSE,2.31
"GB2025001327",2025-12-18 16:54:00,"Ho Chi Minh City","GrabMart","Frequent User",45,"Standard",6,"Moca Wallet","Mobile App",4.16,18.1,22,1.8,"Medium","Clear","None",0,412000,34000,"4.5","4.6","1",NA,"3",16,"Thursday","Weekday","Afternoon",13.7900552486188,FALSE,4.16
"GB2025001328",2025-07-31 09:53:00,"Hanoi","GrabFood","Corporate",19,"New",3.2,"Cash","Mobile App",2.12,9.1,10.2,3.9,"Medium","Rain","RIDE10",5000,221000,15000,"5","4.1","1",NA,"1",9,"Thursday","Weekday","Morning",13.978021978022,FALSE,2.12
"GB2025001335",2025-08-18 21:27:00,"Can Tho","GrabFood","Frequent User",44,"High Performer",1.7,"Cash","Mobile App",3.23,7.9,8.2,2.8,"Low","Heavy Rain","None",0,216000,25000,"4.8","4.8","1",NA,"2",21,"Monday","Weekday","Night",24.5316455696203,FALSE,3.23
"GB2025001338",2025-12-16 08:14:00,"Bien Hoa","GrabFood","Working Professional",37,"Preferred",NA,"Cash","Partner App",2.59,15.7,19.4,4.1,"High","Clear","None",0,283000,32000,"4.2","4.0","1",NA,"3",8,"Tuesday","Weekday","Morning",9.89808917197452,FALSE,2.59
"GB2025001339",2025-07-22 04:13:00,"Ho Chi Minh City","GrabFood","Tourist",49,"Preferred",0.9,"Cash","Mobile App",4.39,23.9,24.7,10.8,"High","Cloudy","None",0,91000,15000,"4.1","5","1",NA,"1",4,"Tuesday","Weekday","Early Morning",11.020920502092,FALSE,4.39
"GB2025001340",2025-06-23 09:22:00,"Ho Chi Minh City","GrabFood","Working Professional",25,"Preferred",0.7,"Cash","Mobile App",5.43,25.4,29.3,4.9,"Low","Clear","LOYALTY",8000,411000,24000,"4.1","4.3","1",NA,"2",9,"Monday","Weekday","Morning",12.8267716535433,FALSE,5.43
"GB2025001341",2025-10-28 04:14:00,"Da Nang","GrabFood","Frequent User",20,"Preferred",2.6,"Cash","Mobile App",5.73,21.5,21,10.1,"High","Cloudy","None",0,218000,28000,"3.7","3.7","1",NA,"2",4,"Tuesday","Weekday","Early Morning",15.9906976744186,FALSE,5.73
"GB2025001350",2025-06-14 10:06:00,"Can Tho","GrabFood","Corporate",48,"New",4.6,"Card","Partner App",2.08,12.4,11,9.4,"High","Cloudy","None",0,392000,15000,"4.5","4.3","1",NA,"1",10,"Saturday","Weekend","Morning",10.0645161290323,FALSE,2.08
"GB2025001351",2025-06-16 19:23:00,"Hanoi","GrabFood","Corporate",35,"New",0.8,"Cash","Mobile App",5.04,18.2,20.4,3.1,"Severe","Clear","None",0,236000,31000,"3.4","4.9","1",NA,"3",19,"Monday","Weekday","Evening",16.6153846153846,FALSE,5.04
"GB2025001354",2025-05-27 05:32:00,"Hai Phong","GrabFood","Working Professional",58,"New",1.3,"Card","Mobile App",2.75,7.9,9.3,4.9,"Low","Rain","None",0,227000,12000,"4.2","4.5","1",NA,"1",5,"Tuesday","Weekday","Early Morning",20.8860759493671,FALSE,2.75
"GB2025001355",2025-11-13 12:44:00,"Hanoi","GrabFood","Frequent User",40,"Standard",3.9,"Cash","Mobile App",2.64,10.1,11.3,6.6,"Low","Clear","None",0,418000,16000,"4.5","4.2","1",NA,"1",12,"Thursday","Weekday","Lunch",15.6831683168317,FALSE,2.64
"GB2025001357",2025-09-11 15:11:00,"Bien Hoa","GrabMart","Corporate",47,"High Performer",3.9,"Corporate Account","Mobile App",4.53,19.3,19.8,7.6,"Low","Rain","None",0,390000,31000,NA,NA,"0","Payment issue","0",15,"Thursday","Weekday","Afternoon",14.0829015544041,FALSE,4.53
"GB2025001361",2025-08-09 02:01:00,"Ho Chi Minh City","GrabFood","Frequent User",22,"Standard",4.9,"Cash","Mobile App",3.43,23.7,20.3,5.7,"Severe","Cloudy","None",0,147000,17000,"4.6","4.5","1",NA,"1",2,"Saturday","Weekend","Early Morning",8.68354430379747,FALSE,3.43
"GB2025001368",2025-03-26 11:58:00,"Da Nang","GrabMart","Frequent User",60,"Preferred",9.8,"Card","Mobile App",2.5,11.5,14.2,7.3,"Low","Clear","WELCOME",4000,162000,6000,"4.1","4.4","1",NA,"0",11,"Wednesday","Weekday","Lunch",13.0434782608696,FALSE,2.5
"GB2025001369",2025-05-05 10:38:00,"Ho Chi Minh City","GrabFood","Working Professional",25,"Standard",0.8,"Corporate Account","Mobile App",3.59,13.8,18.2,7.9,"Low","Clear","None",0,281000,15000,"4.5","4.3","1",NA,"1",10,"Monday","Weekday","Morning",15.6086956521739,FALSE,3.59
"GB2025001370",2025-04-30 07:51:00,"Da Nang","GrabMart","Tourist",25,"Preferred",2.2,"Card","Mobile App",2.23,10.7,9.7,4.6,"High","Cloudy","None",0,240000,17000,"4.5","5","1",NA,"1",7,"Wednesday","Weekday","Morning",12.5046728971963,FALSE,2.23
"GB2025001371",2025-03-11 13:28:00,"Bien Hoa","GrabFood","Tourist",45,"High Performer",0.7,"Moca Wallet","Mobile App",1.69,7.5,7.2,7.5,"Medium","Clear","None",0,97000,13000,"4.7","5","1",NA,"1",13,"Tuesday","Weekday","Lunch",13.52,FALSE,1.69
"GB2025001373",2025-05-21 03:09:00,"Nha Trang","GrabFood","Student",61,"New",2.8,"Cash","Mobile App",4.26,18.6,NA,4.3,"Low","Cloudy","None",0,311000,20000,"4.4","3.8","1",NA,"2",3,"Wednesday","Weekday","Early Morning",13.741935483871,FALSE,4.26
"GB2025001375",2025-09-12 16:51:00,"Hanoi","GrabFood","Tourist",23,"High Performer",2.4,"Moca Wallet","Mobile App",5.37,17.5,17,7.4,"Low","Clear","None",0,348000,27000,"4.4","4.7","1",NA,"2",16,"Friday","Weekday","Afternoon",18.4114285714286,FALSE,5.37
"GB2025001377",2025-03-03 09:42:00,"Ho Chi Minh City","GrabMart","Student",NA,"High Performer",2.2,"Cash","Mobile App",6.87,22,25.3,2.5,"Low","Clear","None",0,302000,32000,"4.1","3.8","1",NA,"3",9,"Monday","Weekday","Morning",18.7363636363636,FALSE,6.87
"GB2025001382",2025-03-02 12:37:00,"Hanoi","GrabFood","Student",21,"Preferred",4.1,"Cash","Web Booking",0.87,2.2,2.5,6.3,"Low","Clear","LOYALTY",2000,154000,11000,NA,NA,"0","Driver unavailable","0",12,"Sunday","Weekend","Lunch",23.7272727272727,FALSE,0.87
"GB2025001384",2025-12-25 05:14:00,"Hanoi","GrabFood","Frequent User",61,"High Performer",4.9,"Cash","Web Booking",1.91,5,4.6,4.1,"Low","Clear","None",0,153000,11000,"4.5","5","1",NA,"1",5,"Thursday","Weekday","Early Morning",22.92,FALSE,1.91
"GB2025001387",2025-10-20 00:54:00,"Ho Chi Minh City","GrabFood","Working Professional",27,"High Performer",1.6,"Moca Wallet","Partner App",4.34,11.4,13,3.2,"Low","Clear","RIDE10",3000,79000,11000,"3.7","3.9","1",NA,"1",0,"Monday","Weekday","Early Morning",22.8421052631579,FALSE,4.34
"GB2025001390",2025-03-30 17:41:00,"Hanoi","GrabFood","Family",50,"New",2.3,"Card","Mobile App",3.59,22,27.8,3.5,"High","Cloudy","None",0,84000,16000,"4.4","3.5","1",NA,"1",17,"Sunday","Weekend","Evening",9.79090909090909,FALSE,3.59
"GB2025001392",2025-07-11 11:58:00,"Ho Chi Minh City","GrabFood","Student",21,"High Performer",2.9,"Card","Mobile App",1.38,7.3,8.3,4.1,"Medium","Clear","None",0,188000,15000,"5","4.1","1",NA,"1",11,"Friday","Weekday","Lunch",11.3424657534247,FALSE,1.38
"GB2025001395",2025-04-18 17:08:00,"Bien Hoa","GrabFood","Frequent User",61,"Preferred",3.3,"Cash","Mobile App",2.98,12.6,12.6,1.9,"Low","Cloudy","WEEKEND",3000,313000,21000,"4.1","4.6","1",NA,"2",17,"Friday","Weekday","Evening",14.1904761904762,FALSE,2.98
"GB2025001397",2025-09-11 16:22:00,"Hanoi","GrabMart","Frequent User",61,"New",2,"Card","Mobile App",4.06,21.6,NA,5.1,"Medium","Clear","WELCOME",6000,334000,21000,"5","5","1",NA,"2",16,"Thursday","Weekday","Afternoon",11.2777777777778,FALSE,4.06
"GB2025001399",2025-02-25 08:30:00,"Nha Trang","GrabFood","Frequent User",19,"New",4,"Moca Wallet","Mobile App",1.63,9.1,7.7,6.2,"High","Clear","RIDE10",2000,67000,8000,"4.9","4.7","1",NA,"0",8,"Tuesday","Weekday","Morning",10.7472527472527,FALSE,1.63
"GB2025001401",2025-06-16 11:21:00,"Ho Chi Minh City","GrabFood","Student",54,"Preferred",3.9,"Moca Wallet","Mobile App",0.72,3.4,3,4.5,"Medium","Cloudy","WELCOME",1000,386000,34000,"4.3","3.6","1",NA,"3",11,"Monday","Weekday","Lunch",12.7058823529412,FALSE,0.72
"GB2025001403",2025-06-29 08:40:00,"Ho Chi Minh City","GrabMart","Working Professional",27,"Preferred",5.3,"Card","Mobile App",4.16,19.7,17.7,2.2,"Medium","Rain","None",0,323000,38000,"4.4","4.1","1",NA,"3",8,"Sunday","Weekend","Morning",12.6700507614213,FALSE,4.16
"GB2025001405",2025-07-22 09:38:00,"Nha Trang","GrabFood","Corporate",35,"High Performer",2.5,"Card","Mobile App",2.34,8.6,10.2,9.3,"Severe","Rain","FOOD20",2000,48000,12000,"4.1",NA,"1",NA,"1",9,"Tuesday","Weekday","Morning",16.3255813953488,FALSE,2.34
"GB2025001407",2025-06-14 08:50:00,"Ho Chi Minh City","GrabMart","Tourist",53,"Preferred",0.7,"Moca Wallet","Mobile App",5.9,23.9,28.2,3.1,"Medium","Cloudy","None",0,226000,23000,"4.7","4.4","1",NA,"2",8,"Saturday","Weekend","Morning",14.8117154811716,FALSE,5.9
"GB2025001408",2025-04-19 04:02:00,"Hai Phong","GrabMart","Family",28,"High Performer",2.8,"Card","Mobile App",3.59,14.5,13.7,7.2,"Low","Clear","FOOD20",3000,366000,33000,"4.4","4.2","1",NA,"3",4,"Saturday","Weekend","Early Morning",14.8551724137931,FALSE,3.59
"GB2025001429",2025-04-01 19:31:00,"Ho Chi Minh City","GrabFood","Family",18,"High Performer",0.7,"Cash","Mobile App",1.74,9.5,10.7,5.2,NA,"Clear","None",0,386000,31000,"4.6","4.4","1",NA,"3",19,"Tuesday","Weekday","Evening",10.9894736842105,FALSE,1.74
"GB2025001431",2025-10-29 22:21:00,"Hai Phong","GrabMart","Working Professional",43,"New",2.9,"Card","Web Booking",4.74,22,20.7,4.7,"High","Clear","LOYALTY",8000,366000,15000,"4.2","4.4","1",NA,"1",22,"Wednesday","Weekday","Night",12.9272727272727,FALSE,4.74
"GB2025001434",2025-11-29 06:12:00,"Da Nang","GrabFood","Family",NA,"High Performer",1,"Cash","Mobile App",2.57,10.2,10.2,8.8,"Medium","Clear","WEEKEND",4000,153000,11000,"4.9","4.0","1",NA,"1",6,"Saturday","Weekend","Morning",15.1176470588235,FALSE,2.57
"GB2025001437",2025-10-03 23:05:00,"Bien Hoa","GrabFood","Working Professional",32,"New",3.1,"Card","Mobile App",1.97,7.6,8.5,4.7,"High","Clear","None",0,207000,16000,"3.8",NA,"1",NA,"1",23,"Friday","Weekday","Night",15.5526315789474,FALSE,1.97
"GB2025001438",2025-11-14 00:49:00,"Ho Chi Minh City","GrabFood","Corporate",36,"New",4.4,"Card","Mobile App",2.08,7.4,7.4,3,"Medium","Clear","None",0,253000,24000,"4.0","4.5","1",NA,"2",0,"Friday","Weekday","Early Morning",16.8648648648649,FALSE,2.08
"GB2025001440",2025-12-21 04:45:00,"Can Tho","GrabMart","Corporate",25,"New",1.2,"Card","Mobile App",6.72,27.4,25.6,3.5,"Low","Cloudy","None",0,287000,25000,"4.5","4.3","1",NA,"2",4,"Sunday","Weekend","Early Morning",14.7153284671533,FALSE,6.72
"GB2025001441",2025-02-01 10:38:00,"Da Nang","GrabFood","Corporate",39,"Preferred",2.9,"Moca Wallet","Mobile App",1.17,3.4,4.1,3.5,"Low",NA,"MART15",1000,4e+05,18000,"5","4.0","1",NA,"1",10,"Saturday","Weekend","Morning",20.6470588235294,FALSE,1.17
"GB2025001452",2025-05-17 18:02:00,"Hanoi","GrabFood","Family",45,"New",2.5,"Moca Wallet","Mobile App",3.08,11.5,13.6,5.4,"High","Clear","None",0,56000,13000,"4.7","4.1","1",NA,"1",18,"Saturday","Weekend","Evening",16.0695652173913,FALSE,3.08
"GB2025001453",2025-02-16 16:27:00,"Can Tho","GrabFood","Student",19,"Preferred",4.5,"Corporate Account","Mobile App",3.45,17,20.8,11.3,"High","Clear","None",0,333000,20000,NA,NA,"0","Customer changed mind","0",16,"Sunday","Weekend","Afternoon",12.1764705882353,FALSE,3.45
"GB2025001469",2025-06-19 08:40:00,"Ho Chi Minh City","GrabFood","Student",36,"High Performer",3.4,"Card","Mobile App",6.2,24.3,20.7,6.4,NA,"Clear","RIDE10",6000,255000,28000,"4.1","3.7","1",NA,"2",8,"Thursday","Weekday","Morning",15.3086419753086,FALSE,6.2
"GB2025001472",2025-03-28 17:02:00,"Hanoi","GrabMart","Working Professional",46,"New",4.1,"Cash","Mobile App",5.67,29.6,33.5,6.2,"Medium","Clear","None",0,111000,20000,"4.6","4.5","1",NA,"2",17,"Friday","Weekday","Evening",11.4932432432432,FALSE,5.67
"GB2025001473",2025-09-17 05:18:00,"Ho Chi Minh City","GrabFood","Family",28,"New",1.1,"Moca Wallet","Mobile App",6.99,20,17.1,6.6,NA,"Cloudy","None",0,437000,38000,"4.5","5","1",NA,"3",5,"Wednesday","Weekday","Early Morning",20.97,FALSE,6.99
"GB2025001476",2025-12-09 14:54:00,"Ho Chi Minh City","GrabFood","Frequent User",54,"Standard",1.4,"Corporate Account","Mobile App",3.38,12,15.3,10.2,"Low","Rain","None",0,302000,23000,NA,NA,"0","Long wait time","0",14,"Tuesday","Weekday","Afternoon",16.9,FALSE,3.38
"GB2025001478",2025-06-17 03:59:00,"Hai Phong","GrabMart","Student",42,"High Performer",2.4,"Moca Wallet","Mobile App",5.65,23.9,23.2,5.6,"Low","Cloudy","None",0,52000,19000,"4.7","4.3","1",NA,"1",3,"Tuesday","Weekday","Early Morning",14.18410041841,FALSE,5.65
"GB2025001480",2025-01-02 14:45:00,"Ho Chi Minh City","GrabFood","Corporate",43,"High Performer",3.6,"Card","Mobile App",1.17,2.9,3.5,6.8,"Low","Cloudy","RIDE10",4000,160000,14000,"4.4","5","1",NA,"1",14,"Thursday","Weekday","Afternoon",24.2068965517241,FALSE,1.17
"GB2025001481",2025-01-01 21:42:00,"Hai Phong","GrabFood","Tourist",41,"New",2.1,"Moca Wallet","Mobile App",6.04,20.6,22.3,3.2,"Medium","Clear","None",0,139000,17000,"4.7","4.5","1",NA,"1",21,"Wednesday","Weekday","Night",17.5922330097087,FALSE,6.04
"GB2025001483",2025-06-27 15:20:00,"Da Nang","GrabFood","Corporate",38,"New",2.5,"Corporate Account","Mobile App",2.37,11.8,10.4,6.3,"Medium","Clear","LOYALTY",4000,270000,16000,"4.5","4.6","1",NA,"1",15,"Friday","Weekday","Afternoon",12.0508474576271,FALSE,2.37
"GB2025001486",2025-03-18 14:09:00,"Bien Hoa","GrabMart","Tourist",34,"High Performer",2.7,"Moca Wallet","Mobile App",4.67,20.4,25.5,4.4,"Low","Cloudy","WELCOME",3000,372000,25000,"4.2","3.8","1",NA,"2",14,"Tuesday","Weekday","Afternoon",13.7352941176471,FALSE,4.67
"GB2025001491",2025-03-20 10:56:00,"Da Nang","GrabMart","Tourist",18,"Preferred",1.5,"Moca Wallet","Mobile App",1.49,5.7,6.4,1.4,"Medium","Clear","None",0,205000,11000,"4.9","4.9","1",NA,"1",10,"Thursday","Weekday","Morning",15.6842105263158,FALSE,1.49
"GB2025001493",2025-04-13 11:06:00,"Can Tho","GrabFood","Student",30,"Standard",1.4,"Moca Wallet","Mobile App",3.11,13.5,15.9,3.4,"Low","Clear","FOOD20",5000,88000,5000,"4.9","4.2","1",NA,"0",11,"Sunday","Weekend","Lunch",13.8222222222222,FALSE,3.11
"GB2025001497",2025-09-30 08:08:00,"Ho Chi Minh City","GrabFood","Tourist",39,"Standard",3,"Card","Mobile App",6.82,21.9,22.9,7.6,"Low","Cloudy","None",0,74000,22000,"3.6","4.9","1",NA,"2",8,"Tuesday","Weekday","Morning",18.6849315068493,FALSE,6.82
"GB2025001498",2025-10-14 00:33:00,"Hanoi","GrabFood","Corporate",NA,"Preferred",1.4,"Cash","Mobile App",2.02,9.6,11.3,7.2,"Low","Rain","None",0,328000,34000,"5","4.5","1",NA,"3",0,"Tuesday","Weekday","Early Morning",12.625,FALSE,2.02
"GB2025001500",2025-11-03 19:13:00,"Ho Chi Minh City","GrabFood","Working Professional",27,"New",4.1,"Cash","Web Booking",4.45,29.9,31.6,7.3,"Severe","Clear","LOYALTY",9000,4e+05,34000,"3.4","5","1",NA,"3",19,"Monday","Weekday","Evening",8.92976588628763,FALSE,4.45
"GB2025001504",2025-08-22 16:23:00,"Hanoi","GrabFood","Student",35,"High Performer",2.6,"Moca Wallet","Mobile App",4.48,21.8,20.4,5.6,"Medium","Clear","None",0,48000,16000,"4.4","4.5","1",NA,"1",16,"Friday","Weekday","Afternoon",12.3302752293578,FALSE,4.48
"GB2025001510",2025-07-02 14:48:00,"Hanoi","GrabFood","Family",49,"Preferred",0.7,"Card","Web Booking",5.83,17.7,20.2,5,"Low","Clear","None",0,355000,33000,"4.7","3.8","1",NA,"3",14,"Wednesday","Weekday","Afternoon",19.7627118644068,FALSE,5.83
"GB2025001511",2025-12-22 19:27:00,"Hanoi","GrabFood","Frequent User",55,"High Performer",4.4,"Moca Wallet","Mobile App",4.19,11.2,13.8,9.3,"Medium","Clear","None",0,55000,10000,"4.2","4.0","1",NA,"1",19,"Monday","Weekday","Evening",22.4464285714286,FALSE,4.19
"GB2025001514",2025-07-16 10:36:00,"Ho Chi Minh City","GrabFood","Working Professional",33,"High Performer",5,"Cash","Mobile App",4.67,14.1,15,2.5,"Medium","Clear","None",0,354000,NA,"4.6","5","1",NA,"2",10,"Wednesday","Weekday","Morning",19.8723404255319,FALSE,4.67
"GB2025001516",2025-03-24 03:38:00,"Da Nang","GrabFood","Family",36,"Standard",3,"Moca Wallet","Mobile App",2.08,5.1,6.6,2.4,"Low","Rain","None",0,72000,9000,"4.9",NA,"1",NA,"0",3,"Monday","Weekday","Early Morning",24.4705882352941,FALSE,2.08
"GB2025001517",2025-02-14 20:45:00,"Da Nang","GrabFood","Working Professional",22,"New",5.3,"Cash","Mobile App",0.53,2.4,3.1,3.7,"Medium","Cloudy","WEEKEND",1000,448000,18000,"4.7",NA,"1",NA,"1",20,"Friday","Weekday","Evening",13.25,FALSE,0.53
"GB2025001522",2025-12-18 03:47:00,"Hanoi","GrabFood","Corporate",45,"Standard",2.2,"Card","Mobile App",0.55,2,2.6,8.1,"High","Cloudy","None",0,218000,19000,"3.9","4.7","1",NA,"1",3,"Thursday","Weekday","Early Morning",16.5,FALSE,0.55
"GB2025001524",2025-06-11 01:42:00,"Can Tho","GrabMart","Student",24,"Preferred",0.2,"Moca Wallet","Web Booking",1.65,4.2,4.9,4.8,"Low","Clear","WELCOME",4000,73000,6000,"4.1","4.2","1",NA,"0",1,"Wednesday","Weekday","Early Morning",23.5714285714286,FALSE,1.65
"GB2025001527",2025-02-26 11:49:00,"Bien Hoa","GrabFood","Frequent User",61,"Standard",9.9,"Card","Mobile App",1.89,8.1,8.5,2,"High","Clear","None",0,395000,24000,"4.6","4.2","1",NA,"2",11,"Wednesday","Weekday","Lunch",14,FALSE,1.89
"GB2025001533",2025-12-12 11:25:00,"Ho Chi Minh City","GrabMart","Tourist",56,"Preferred",NA,"Moca Wallet","Mobile App",5.12,15.2,17.5,1.8,"Low","Clear","WELCOME",3000,291000,24000,"4.4","4.3","1",NA,"2",11,"Friday","Weekday","Lunch",20.2105263157895,FALSE,5.12
"GB2025001541",2025-11-23 05:07:00,"Ho Chi Minh City","GrabMart","Tourist",55,"Preferred",5.6,"Moca Wallet","Mobile App",2.35,12.2,14.8,6.8,"Medium","Clear","None",0,363000,14000,"4.2","4.5","1",NA,"1",5,"Sunday","Weekend","Early Morning",11.5573770491803,FALSE,2.35
"GB2025001548",2025-06-18 07:23:00,"Hanoi","GrabMart","Frequent User",62,"Standard",2.2,"Corporate Account","Mobile App",4.79,14.5,18.7,15.4,"High","Rain","None",0,124000,24000,"4.1","5","1",NA,"2",7,"Wednesday","Weekday","Morning",19.8206896551724,FALSE,4.79
"GB2025001552",2025-10-31 12:48:00,"Can Tho","GrabMart","Corporate",51,"Preferred",NA,"Cash","Mobile App",4.84,15.1,13.6,16.4,"High","Heavy Rain","None",0,57000,13000,"4.5","5","1",NA,"1",12,"Friday","Weekday","Lunch",19.2317880794702,FALSE,4.84
"GB2025001558",2025-11-10 12:20:00,"Da Nang","GrabFood","Corporate",38,"Standard",2.2,"Moca Wallet","Mobile App",2.89,13.7,14.6,2.4,"Low","Cloudy","None",0,180000,13000,"4.5","4.4","1",NA,"1",12,"Monday","Weekday","Lunch",12.6569343065693,FALSE,2.89
"GB2025001559",2025-04-04 16:04:00,"Hue","GrabMart","Frequent User",28,"High Performer",1.9,"Card","Mobile App",1,5.8,6.7,13.1,"High","Rain","WEEKEND",3000,136000,14000,"5","4.7","1",NA,"1",16,"Friday","Weekday","Afternoon",10.3448275862069,FALSE,1
"GB2025001561",2025-09-30 15:50:00,"Bien Hoa","GrabFood","Student",24,"Standard",1.3,"Corporate Account","Mobile App",1.6,5.4,5,2.2,"Low","Clear","RIDE10",3000,273000,13000,NA,NA,"0","App issue","0",15,"Tuesday","Weekday","Afternoon",17.7777777777778,FALSE,1.6
"GB2025001567",2025-07-06 05:33:00,"Ho Chi Minh City","GrabFood","Frequent User",60,"Preferred",1.4,"Card","Mobile App",1.91,11.9,10.4,11.9,"High","Clear","None",0,411000,19000,"4.4","4.1","1",NA,"1",5,"Sunday","Weekend","Early Morning",9.63025210084034,FALSE,1.91
"GB2025001571",2025-11-17 01:07:00,"Bien Hoa","GrabFood","Frequent User",41,"Preferred",1.9,"Moca Wallet","Mobile App",1.94,5.4,5.6,3.7,"Low","Clear","None",0,319000,26000,"4.6","4.5","1",NA,"2",1,"Monday","Weekday","Early Morning",21.5555555555556,FALSE,1.94
"GB2025001574",2025-05-26 08:20:00,"Bien Hoa","GrabFood","Family",22,"Preferred",0.3,"Card","Mobile App",7.68,47.5,53.9,13.2,"High","Rain","None",0,132000,22000,"5.4","4.7","1",NA,"2",8,"Monday","Weekday","Morning",9.70105263157895,FALSE,7.68
"GB2025001578",2025-10-26 17:43:00,"Da Nang","GrabFood","Family",46,"Standard",4.1,"Cash","Partner App",2.16,7.4,9.1,6.7,"Medium","Rain","None",0,287000,21000,"4.0","4.4","1",NA,"2",17,"Sunday","Weekend","Evening",17.5135135135135,FALSE,2.16
"GB2025001583",2025-03-19 14:29:00,"Can Tho","GrabFood","Student",24,"Standard",0.9,"Card","Mobile App",3.03,13.1,16.3,1.2,"Low","Cloudy","WEEKEND",4000,372000,25000,NA,"4.5","1",NA,"2",14,"Wednesday","Weekday","Afternoon",13.8778625954198,FALSE,3.03
"GB2025001587",2025-06-26 10:18:00,"Da Nang","GrabFood","Family",41,"New",2.2,"Cash","Mobile App",3.38,14,17.3,2.6,"Medium","Cloudy","None",0,263000,19000,"4.4","5","1",NA,"1",10,"Thursday","Weekday","Morning",14.4857142857143,FALSE,3.38
"GB2025001594",2025-10-09 08:42:00,"Nha Trang","GrabFood","Working Professional",48,"High Performer",3.3,"Moca Wallet","Mobile App",4.5,11.5,13.5,10.8,"Medium","Rain","WELCOME",5000,102000,9000,"4.8","5","1",NA,"0",8,"Thursday","Weekday","Morning",23.4782608695652,FALSE,4.5
"GB2025001598",2025-02-22 16:10:00,"Ho Chi Minh City","GrabMart","Working Professional",35,"New",1,"Card","Mobile App",1.98,10.9,14.4,3.4,"High","Clear","None",0,434000,20000,"4.7",NA,"1",NA,"2",16,"Saturday","Weekend","Afternoon",10.8990825688073,FALSE,1.98
"GB2025001600",2025-03-23 01:56:00,"Nha Trang","GrabFood","Corporate",56,"Standard",2.9,"Cash","Mobile App",3.68,18.2,15.6,4.1,"Medium","Cloudy","None",0,437000,39000,"5.0","4.3","1",NA,"3",1,"Sunday","Weekend","Early Morning",12.1318681318681,FALSE,3.68
"GB2025001601",2025-01-26 16:05:00,"Bien Hoa","GrabFood","Frequent User",48,"Preferred",1.9,"Card","Mobile App",9.11,34.9,46.3,4,"Low","Clear","FOOD20",4000,194000,24000,"4.4","4.4","1",NA,"2",16,"Sunday","Weekend","Afternoon",15.6618911174785,FALSE,9.11
"GB2025001606",2025-07-21 18:10:00,"Ho Chi Minh City","GrabFood","Student",48,"High Performer",1.7,"Cash","Partner App",2.98,15.3,13.5,4.6,"Medium","Cloudy","MART15",5000,241000,14000,"5.0","5","1",NA,"1",18,"Monday","Weekday","Evening",11.6862745098039,FALSE,2.98
"GB2025001610",2025-09-23 17:14:00,"Can Tho","GrabFood","Family",23,"High Performer",9.3,"Moca Wallet","Partner App",4.61,15.4,17.3,1.6,"Low","Clear","WEEKEND",6000,403000,16000,"4.3","3.8","1",NA,"1",17,"Tuesday","Weekday","Evening",17.961038961039,FALSE,4.61
"GB2025001616",2025-07-23 03:25:00,"Da Nang","GrabMart","Frequent User",38,"Standard",3.3,"Moca Wallet","Partner App",4.43,24,23.2,7.5,"High","Clear","LOYALTY",2000,240000,16000,"4.9","4.0","1",NA,"1",3,"Wednesday","Weekday","Early Morning",11.075,FALSE,4.43
"GB2025001617",2025-08-11 19:09:00,"Hanoi","GrabMart","Corporate",50,"Preferred",5.5,"Card","Mobile App",2.92,13.4,11.7,10.5,"Severe","Heavy Rain","LOYALTY",3000,362000,28000,"3.7","3.8","1",NA,"2",19,"Monday","Weekday","Evening",13.0746268656716,FALSE,2.92
"GB2025001620",2025-01-25 13:53:00,"Da Nang","GrabFood","Student",52,"Preferred",1.5,"Card","Mobile App",4.28,22.6,26.9,6.3,"Medium","Clear","WEEKEND",6000,401000,28000,"4.8","4.4","1",NA,"2",13,"Saturday","Weekend","Lunch",11.3628318584071,FALSE,4.28
"GB2025001621",2025-11-01 03:49:00,"Hanoi","GrabFood","Working Professional",39,"Preferred",1.1,"Cash","Mobile App",10.62,47.6,50.6,8.5,"High","Rain","None",0,115000,28000,"4.4","4.5","1",NA,"2",3,"Saturday","Weekend","Early Morning",13.3865546218487,FALSE,10.62
"GB2025001622",2025-11-14 14:14:00,"Nha Trang","GrabFood","Corporate",19,"Standard",3,"Card","Mobile App",3.1,13.5,15.4,9,"Medium","Heavy Rain","WELCOME",4000,180000,18000,"4.3","4.6","1",NA,"1",14,"Friday","Weekday","Afternoon",13.7777777777778,FALSE,3.1
"GB2025001630",2025-03-20 06:39:00,"Hue","GrabFood","Frequent User",22,"New",1.3,"Cash","Mobile App",1.39,6.1,6,10.4,"Low","Rain","RIDE10",2000,232000,20000,"4.8","4.5","1",NA,"2",6,"Thursday","Weekday","Morning",13.672131147541,FALSE,1.39
"GB2025001637",2025-09-09 03:18:00,"Ho Chi Minh City","GrabFood","Student",58,"High Performer",2.2,"Cash","Mobile App",3.43,10.8,NA,6.6,"High","Clear","None",0,155000,20000,"5","4.4","1",NA,"2",3,"Tuesday","Weekday","Early Morning",19.0555555555556,FALSE,3.43
"GB2025001643",2025-07-20 01:20:00,"Hanoi","GrabFood","Student",50,"New",2.2,"Cash","Mobile App",2.45,15.4,18.8,11.9,"Severe","Cloudy","MART15",2000,377000,24000,"4.6",NA,"1",NA,"2",1,"Sunday","Weekend","Early Morning",9.54545454545454,FALSE,2.45
"GB2025001646",2025-08-14 13:47:00,"Hanoi","GrabFood","Family",54,"New",3.5,"Cash","Mobile App",3.15,12.8,14.3,5.7,"Low","Rain","WELCOME",5000,175000,13000,"4.6","4.7","1",NA,"1",13,"Thursday","Weekday","Lunch",14.765625,FALSE,3.15
"GB2025001647",2025-01-26 03:18:00,"Ho Chi Minh City","GrabFood","Working Professional",38,"New",5.7,"Cash","Mobile App",7,34.5,44.5,8.8,"Medium","Cloudy","LOYALTY",4000,114000,10000,"4.6","3.9","1",NA,"1",3,"Sunday","Weekend","Early Morning",12.1739130434783,FALSE,7
"GB2025001648",2025-01-31 18:26:00,"Hai Phong","GrabMart","Student",42,"New",2.7,"Moca Wallet","Mobile App",5.05,12.1,11.7,6.7,"Low","Cloudy","LOYALTY",3000,359000,26000,"4.4","4.9","1",NA,"2",18,"Friday","Weekday","Evening",25.0413223140496,FALSE,5.05
"GB2025001650",2025-05-24 18:39:00,"Hai Phong","GrabMart","Tourist",22,"Preferred",2.4,"Cash","Mobile App",9.31,21.6,21.4,2.5,"Low","Clear","None",0,61000,25000,"4.8","4.8","1",NA,"2",18,"Saturday","Weekend","Evening",25.8611111111111,FALSE,9.31
"GB2025001654",2025-01-10 16:53:00,"Hanoi","GrabFood","Working Professional",60,"New",2.1,"Cash","Mobile App",2.43,11.6,14.1,4.5,"Medium","Cloudy","None",0,404000,24000,"4.7","4.4","1",NA,"2",16,"Friday","Weekday","Afternoon",12.5689655172414,FALSE,2.43
"GB2025001664",2025-01-27 21:40:00,"Hanoi","GrabFood","Tourist",23,"Preferred",0.7,"Cash","Mobile App",0.95,3.5,4.4,7.4,"Low","Clear","WELCOME",2000,438000,20000,"3.6","4.6","1",NA,"2",21,"Monday","Weekday","Night",16.2857142857143,FALSE,0.95
"GB2025001671",2025-03-24 20:50:00,"Ho Chi Minh City","GrabFood","Student",NA,"New",2.8,"Card","Partner App",1.48,7.8,8.7,7.3,"High","Cloudy","None",0,212000,11000,"5","4.3","1",NA,"1",20,"Monday","Weekday","Evening",11.3846153846154,FALSE,1.48
"GB2025001676",2025-08-29 06:08:00,"Ho Chi Minh City","GrabFood","Working Professional",50,"New",5.1,"Card","Mobile App",1.76,7.4,9.5,4.5,"Medium","Clear","None",0,305000,27000,"4.1","4.4","1",NA,"2",6,"Friday","Weekday","Morning",14.2702702702703,FALSE,1.76
"GB2025001680",2025-09-02 00:58:00,"Nha Trang","GrabFood","Frequent User",30,"Standard",3.3,"Cash","Mobile App",2.98,9.1,10.3,3.8,"High","Clear","None",0,340000,16000,"4.7","4.1","1",NA,"1",0,"Tuesday","Weekday","Early Morning",19.6483516483516,FALSE,2.98
"GB2025001683",2025-12-07 23:08:00,"Ho Chi Minh City","GrabFood","Family",52,"Standard",2,"Card","Mobile App",4.23,16.7,14.3,1.9,"Medium","Clear","None",0,367000,19000,"4.5","5","1",NA,"1",23,"Sunday","Weekend","Night",15.1976047904192,FALSE,4.23
"GB2025001687",2025-01-22 03:31:00,"Ho Chi Minh City","GrabFood","Working Professional",44,"New",4.9,"Moca Wallet","Mobile App",3.57,15.1,20.3,5.3,"Low","Cloudy","WEEKEND",5000,112000,10000,"4.8","3.8","1",NA,"1",3,"Wednesday","Weekday","Early Morning",14.1854304635762,FALSE,3.57
"GB2025001688",2025-08-04 21:31:00,"Ho Chi Minh City","GrabFood","Working Professional",21,"Standard",3.5,"Moca Wallet","Mobile App",0.69,4.8,6.5,20.1,"Severe","Rain","WELCOME",2000,340000,28000,NA,NA,"0","Payment issue","0",21,"Monday","Weekday","Night",8.625,FALSE,0.69
"GB2025001703",2025-05-31 11:51:00,"Ho Chi Minh City","GrabFood","Frequent User",27,"High Performer",0.8,"Card","Mobile App",0.62,2.2,2.1,2.1,"Medium","Cloudy","None",0,168000,11000,NA,NA,"0","App issue","0",11,"Saturday","Weekend","Lunch",16.9090909090909,FALSE,0.62
"GB2025001708",2025-03-12 16:08:00,"Ho Chi Minh City","GrabFood","Family",19,"High Performer",1,"Moca Wallet","Mobile App",5.47,26.3,35,2.4,"Medium","Rain","None",0,136000,17000,"4.5","4.8","1",NA,"1",16,"Wednesday","Weekday","Afternoon",12.4790874524715,FALSE,5.47
"GB2025001713",2025-02-24 19:41:00,"Ho Chi Minh City","GrabMart","Tourist",28,"New",4.4,"Corporate Account","Mobile App",2.05,5.2,4.6,3.2,"Medium","Clear","None",0,196000,19000,"4.0","5","1",NA,"1",19,"Monday","Weekday","Evening",23.6538461538461,FALSE,2.05
"GB2025001716",2025-02-07 22:48:00,"Ho Chi Minh City","GrabFood","Corporate",52,"Preferred",0.5,"Cash","Mobile App",2.15,4.8,4.2,1.3,"Low","Clear","LOYALTY",3000,247000,17000,"4.8","4.6","1",NA,"1",22,"Friday","Weekday","Night",26.875,FALSE,2.15
"GB2025001717",2025-04-11 19:20:00,"Ho Chi Minh City","GrabFood","Corporate",46,"Preferred",5.4,"Cash","Mobile App",3.1,17,22.7,13.3,"Severe","Cloudy","WEEKEND",5000,180000,9000,"4.8","4.3","1",NA,"0",19,"Friday","Weekday","Evening",10.9411764705882,FALSE,3.1
"GB2025001720",2025-04-18 18:09:00,"Hanoi","GrabFood","Family",19,"Standard",2,"Cash","Mobile App",53.01,49.5,43.8,2.9,"Medium","Clear","FOOD20",15000,353000,35000,"5.0","4.9","1",NA,"3",18,"Friday","Weekday","Evening",64.2545454545455,TRUE,NA
"GB2025001724",2025-01-12 07:58:00,"Hai Phong","GrabMart","Family",46,"High Performer",1.8,"Card","Mobile App",3.66,27.8,24.1,6.8,"Severe","Clear","FOOD20",6000,346000,25000,"4.1","4.3","1",NA,"2",7,"Sunday","Weekend","Morning",7.89928057553957,FALSE,3.66
"GB2025001727",2025-02-14 03:20:00,"Ho Chi Minh City","GrabFood","Tourist",47,"Preferred",0.1,"Cash","Mobile App",1.26,6,5.7,3.7,"Low","Clear","None",0,52000,5000,"4.3","4.5","1",NA,"0",3,"Friday","Weekday","Early Morning",12.6,FALSE,1.26
"GB2025001730",2025-08-22 14:27:00,"Ho Chi Minh City","GrabFood","Frequent User",29,"High Performer",1.3,"Card","Mobile App",2.34,11.6,12.6,6.9,"Medium","Clear","None",0,314000,21000,"4.5",NA,"1",NA,"2",14,"Friday","Weekday","Afternoon",12.1034482758621,FALSE,2.34
"GB2025001735",2025-11-28 22:00:00,"Da Nang","GrabMart","Corporate",21,"High Performer",6,"Cash","Mobile App",1.4,6.2,5.5,10.7,"Low","Rain","LOYALTY",1000,295000,26000,"5","4.6","1",NA,"2",22,"Friday","Weekday","Night",13.5483870967742,FALSE,1.4
"GB2025001742",2025-01-17 13:10:00,"Hanoi","GrabFood","Frequent User",52,"Preferred",0.7,"Cash","Mobile App",4.68,29.9,26.5,9.3,"High","Cloudy","None",0,94000,15000,"4.6","4.4","1",NA,"1",13,"Friday","Weekday","Lunch",9.39130434782609,FALSE,4.68
"GB2025001754",2025-04-03 20:44:00,"Ho Chi Minh City","GrabFood","Corporate",39,"Preferred",1.1,"Cash","Mobile App",1.84,7.8,7.9,6.9,"Low","Cloudy","WEEKEND",2000,47000,6000,"4.6","5","1",NA,"0",20,"Thursday","Weekday","Evening",14.1538461538462,FALSE,1.84
"GB2025001756",2025-12-18 03:25:00,"Ho Chi Minh City","GrabFood","Student",28,"High Performer",0.6,"Card","Mobile App",4.48,22.9,29.8,5,"High","Clear","WELCOME",6000,318000,18000,"4.3","4.8","1",NA,"1",3,"Thursday","Weekday","Early Morning",11.7379912663755,FALSE,4.48
"GB2025001765",2025-07-11 04:16:00,"Da Nang","GrabFood","Working Professional",46,"New",1.3,"Cash","Mobile App",1.38,6.2,6.5,12.1,"High","Clear","None",0,73000,12000,"4.4","4.4","1",NA,"1",4,"Friday","Weekday","Early Morning",13.3548387096774,FALSE,1.38
"GB2025001771",2025-08-16 22:30:00,"Hai Phong","GrabFood","Working Professional",19,"Standard",3.8,"Cash","Mobile App",NA,25.6,23.6,10.9,"High","Clear","None",0,89000,18000,"4.6","3.8","1",NA,"1",22,"Saturday","Weekend","Night",NA,NA,NA
"GB2025001774",2025-08-21 09:46:00,"Ho Chi Minh City","GrabFood","Corporate",22,"High Performer",2.1,"Card","Mobile App",3.99,17.2,15.1,6.7,"High","Cloudy","WEEKEND",2000,218000,16000,"5","5","1",NA,"1",9,"Thursday","Weekday","Morning",13.9186046511628,FALSE,3.99
"GB2025001780",2025-11-03 05:22:00,"Ho Chi Minh City","GrabFood","Corporate",26,"New",2.9,"Moca Wallet","Mobile App",2.26,6,6.3,6.6,"Medium","Clear","None",0,328000,21000,"4.5","4.5","1",NA,"2",5,"Monday","Weekday","Early Morning",22.6,FALSE,2.26
"GB2025001788",2025-06-07 15:18:00,"Da Nang","GrabFood","Family",28,"High Performer",5.1,"Card","Mobile App",1.59,5.2,5.3,5.3,"Low","Clear","LOYALTY",3000,425000,38000,"4.9","4.5","1",NA,"3",15,"Saturday","Weekend","Afternoon",18.3461538461538,FALSE,1.59
"GB2025001790",2025-09-20 21:52:00,"Nha Trang","GrabFood","Family",25,"Preferred",3.9,"Cash","Mobile App",2.46,9.2,11,16.1,"High","Rain","None",0,280000,15000,"4.7","3.3","1",NA,"1",21,"Saturday","Weekend","Night",16.0434782608696,FALSE,2.46
"GB2025001793",2025-12-18 05:51:00,"Ho Chi Minh City","GrabFood","Frequent User",19,"High Performer",2.1,"Cash","Mobile App",2.69,11.4,13.2,9.4,"Medium","Cloudy","None",0,386000,32000,"4.3","3.7","1",NA,"3",5,"Thursday","Weekday","Early Morning",14.1578947368421,FALSE,2.69
"GB2025001798",2025-11-03 19:31:00,"Can Tho","GrabFood","Working Professional",40,"New",1.1,"Card","Mobile App",3.65,23.4,26.2,9.9,"Severe","Clear","None",0,371000,28000,"4.4","3.9","1",NA,"2",19,"Monday","Weekday","Evening",9.35897435897436,FALSE,3.65
"GB2025001799",2025-01-14 18:48:00,"Nha Trang","GrabMart","Tourist",47,"Standard",5.3,"Corporate Account","Mobile App",5.26,32.6,NA,2.5,"High","Cloudy","WEEKEND",11000,186000,17000,NA,"4.8","1",NA,"1",18,"Tuesday","Weekday","Evening",9.68098159509202,FALSE,5.26
"GB2025001801",2025-11-26 18:48:00,"Hue","GrabMart","Frequent User",55,"Standard",3.8,"Card","Mobile App",2.53,13.3,15,2,"High","Clear","None",0,208000,28000,"4.4","4.5","1",NA,"2",18,"Wednesday","Weekday","Evening",11.4135338345865,FALSE,2.53
"GB2025001802",2025-03-21 17:56:00,"Hue","GrabFood","Tourist",20,"High Performer",1.4,"Card","Partner App",14.02,35.8,38.5,4.3,"Low","Clear","None",0,437000,65000,"4.4","4.8","1",NA,"6",17,"Friday","Weekday","Evening",23.4972067039106,FALSE,14.02
"GB2025001807",2025-10-12 10:50:00,"Ho Chi Minh City","GrabMart","Corporate",53,"Standard",5.9,"Card","Mobile App",2.75,10.2,10.1,6.5,"High","Cloudy","WELCOME",4000,385000,25000,"4.8","5","1",NA,"2",10,"Sunday","Weekend","Morning",16.1764705882353,FALSE,2.75
"GB2025001809",2025-12-28 00:38:00,"Nha Trang","GrabFood","Family",37,"High Performer",2.4,"Card","Mobile App",NA,7.7,8,9.4,"Medium","Cloudy","None",0,151000,16000,"4.6","4.8","1",NA,"1",0,"Sunday","Weekend","Early Morning",NA,NA,NA
"GB2025001810",2025-07-08 08:22:00,"Hanoi","GrabFood","Student",62,"Preferred",1.5,"Moca Wallet","Mobile App",4.02,19.4,20,6.8,"Medium","Cloudy","WELCOME",8000,397000,13000,"4.5","4.8","1",NA,"1",8,"Tuesday","Weekday","Morning",12.4329896907216,FALSE,4.02
"GB2025001811",2025-07-29 11:54:00,"Da Nang","GrabFood","Tourist",30,"New",3.2,"Moca Wallet","Mobile App",1.37,5.5,5.5,5.9,"High","Clear","MART15",3000,278000,20000,"4.8","4.8","1",NA,"2",11,"Tuesday","Weekday","Lunch",14.9454545454545,FALSE,1.37
"GB2025001813",2025-08-06 03:18:00,"Hai Phong","GrabFood","Student",30,"New",0.3,"Cash","Mobile App",5.13,30.3,35.1,14.1,"High","Rain","FOOD20",7000,59000,5000,"5","5","1",NA,"0",3,"Wednesday","Weekday","Early Morning",10.1584158415842,FALSE,5.13
"GB2025001816",2025-10-15 14:59:00,"Ho Chi Minh City","GrabFood","Corporate",30,"New",NA,"Moca Wallet","Mobile App",1.42,7.8,7.4,11.4,"High","Cloudy","None",0,3e+05,24000,"4.0","4.9","1",NA,"2",14,"Wednesday","Weekday","Afternoon",10.9230769230769,FALSE,1.42
"GB2025001820",2025-04-03 19:31:00,"Ho Chi Minh City","GrabFood","Working Professional",49,"High Performer",1.4,"Moca Wallet","Mobile App",0.73,3.6,4.4,12.3,"High","Clear","None",0,372000,24000,"4.4","4.3","1",NA,"2",19,"Thursday","Weekday","Evening",12.1666666666667,FALSE,0.73
"GB2025001823",2025-10-04 16:20:00,"Hanoi","GrabFood","Student",44,"High Performer",0.5,"Moca Wallet","Mobile App",0.67,4,3.5,1.9,"High","Clear","RIDE10",3000,423000,15000,"4.7","4.2","1",NA,"1",16,"Saturday","Weekend","Afternoon",10.05,FALSE,0.67
"GB2025001829",2025-08-02 23:54:00,"Ho Chi Minh City","GrabFood","Working Professional",39,"Standard",1.2,"Card","Web Booking",2.25,7.2,9.3,2.3,"Medium","Clear","RIDE10",5000,243000,14000,"4.4","4.8","1",NA,"1",23,"Saturday","Weekend","Night",18.75,FALSE,2.25
"GB2025001836",2025-05-27 03:33:00,"Ho Chi Minh City","GrabMart","Working Professional",29,"Standard",2.3,"Card","Mobile App",5.09,20.1,22.2,10.1,"High","Clear","WELCOME",2000,210000,12000,"4.4","4.9","1",NA,"1",3,"Tuesday","Weekday","Early Morning",15.1940298507463,FALSE,5.09
"GB2025001845",2025-12-12 12:46:00,"Hanoi","GrabFood","Family",27,"Standard",0.7,"Corporate Account","Mobile App",1.65,5,5.8,4.8,"High","Cloudy","None",0,417000,30000,"4.8","4.6","1",NA,"3",12,"Friday","Weekday","Lunch",19.8,FALSE,1.65
"GB2025001846",2025-02-25 18:40:00,"Ho Chi Minh City","GrabFood","Corporate",50,"New",1.5,"Cash","Mobile App",2.06,11.4,10.1,11,"High","Cloudy","None",0,392000,31000,"3.5","4.3","1",NA,"3",18,"Tuesday","Weekday","Evening",10.8421052631579,FALSE,2.06
"GB2025001854",2025-12-21 13:56:00,"Ho Chi Minh City","GrabFood","Corporate",22,"Preferred",0.4,"Card","Mobile App",2.91,11.5,10.4,5.4,"High","Clear","WEEKEND",2000,68000,10000,"4.0","4.5","1",NA,"1",13,"Sunday","Weekend","Lunch",15.1826086956522,FALSE,2.91
"GB2025001857",2025-07-15 18:56:00,"Ho Chi Minh City","GrabFood","Frequent User",43,"New",1.2,"Cash","Mobile App",2.37,11.9,11.3,7.4,"Medium","Clear","WELCOME",2000,110000,6000,"4.3","4.9","1",NA,"0",18,"Tuesday","Weekday","Evening",11.9495798319328,FALSE,2.37
"GB2025001867",2025-09-26 01:36:00,"Hanoi","GrabFood","Frequent User",52,"Preferred",4,"Corporate Account","Mobile App",2.31,10.8,12.7,1.2,"Low","Clear","WELCOME",3000,154000,5000,"4.7","4.9","1",NA,"0",1,"Friday","Weekday","Early Morning",12.8333333333333,FALSE,2.31
"GB2025001872",2025-11-12 10:53:00,"Ho Chi Minh City","GrabFood","Student",32,"High Performer",NA,"Card","Mobile App",3.97,19.8,25.1,9.3,"Medium","Rain","None",0,433000,23000,"4.1","4.2","1",NA,"2",10,"Wednesday","Weekday","Morning",12.030303030303,FALSE,3.97
"GB2025001874",2025-05-21 20:23:00,"Da Nang","GrabMart","Working Professional",23,"Preferred",1,"Card","Mobile App",70.3,13.4,13.3,9.4,"Medium","Rain","None",0,99000,15000,"5","4.9","1",NA,"1",20,"Wednesday","Weekday","Evening",314.776119402985,TRUE,NA
"GB2025001876",2025-01-05 00:33:00,"Da Nang","GrabFood","Corporate",49,"High Performer",2.8,"Moca Wallet","Mobile App",3.18,14.5,14.2,1.9,"Medium","Clear","None",0,158000,11000,"4.6","3.8","1",NA,"1",0,"Sunday","Weekend","Early Morning",13.1586206896552,FALSE,3.18
"GB2025001877",2025-03-16 00:05:00,"Da Nang","GrabFood","Frequent User",37,"High Performer",5,"Corporate Account","Mobile App",2.24,11.4,14.9,8.7,"Medium","Clear","None",0,141000,19000,"4.8","4.3","1",NA,"1",0,"Sunday","Weekend","Early Morning",11.7894736842105,FALSE,2.24
"GB2025001880",2025-08-28 01:54:00,"Hanoi","GrabFood","Family",23,"Preferred",0.7,"Cash","Mobile App",1.88,6.7,7.6,9.2,"Medium","Clear","MART15",1000,243000,16000,"4.6","3.6","1",NA,"1",1,"Thursday","Weekday","Early Morning",16.8358208955224,FALSE,1.88
"GB2025001882",2025-03-20 22:57:00,"Bien Hoa","GrabFood","Frequent User",55,"New",2.7,"Moca Wallet","Mobile App",2.35,11,13.8,9.4,"Medium","Clear","None",0,75000,10000,"4.8","4.7","1",NA,"1",22,"Thursday","Weekday","Night",12.8181818181818,FALSE,2.35
"GB2025001883",2025-05-09 16:49:00,"Ho Chi Minh City","GrabFood","Working Professional",54,"High Performer",5.9,"Corporate Account","Mobile App",3.04,21,17.9,7.7,"Severe","Clear","None",0,2e+05,21000,"4.3","4.8","1",NA,"2",16,"Friday","Weekday","Afternoon",8.68571428571429,FALSE,3.04
"GB2025001885",2025-05-20 09:18:00,"Hai Phong","GrabMart","Tourist",43,"Preferred",1.7,"Cash","Mobile App",2.02,9.6,8.5,5.7,"Medium","Cloudy","None",0,276000,21000,"4.4","4.6","1",NA,"2",9,"Tuesday","Weekday","Morning",12.625,FALSE,2.02
"GB2025001892",2025-10-02 12:25:00,"Da Nang","GrabMart","Frequent User",52,"Preferred",3,"Moca Wallet","Mobile App",3.19,20,22.8,3.6,"Severe","Rain","None",0,363000,25000,"4.4","4.8","1",NA,"2",12,"Thursday","Weekday","Lunch",9.57,FALSE,3.19
"GB2025001894",2025-03-19 11:08:00,"Ho Chi Minh City","GrabFood","Corporate",NA,"New",0.8,"Moca Wallet","Mobile App",4.83,17.6,20,8.2,"Medium","Cloudy","None",0,277000,22000,"4.6","4.5","1",NA,"2",11,"Wednesday","Weekday","Lunch",16.4659090909091,FALSE,4.83
"GB2025001895",2025-02-27 01:51:00,"Hai Phong","GrabFood","Student",60,"Standard",1.4,"Cash","Partner App",1.45,7.6,10.3,4.4,"High","Rain","None",0,139000,17000,"4.6","4.7","1",NA,"1",1,"Thursday","Weekday","Early Morning",11.4473684210526,FALSE,1.45
"GB2025001897",2025-04-16 19:56:00,"Hanoi","GrabFood","Tourist",61,"Preferred",1.3,"Cash","Mobile App",6.84,22.5,22.4,6.3,"Medium","Cloudy","FOOD20",10000,291000,14000,"4.4","4.8","1",NA,"1",19,"Wednesday","Weekday","Evening",18.24,FALSE,6.84
"GB2025001901",2025-06-04 20:52:00,"Ho Chi Minh City","GrabFood","Working Professional",22,"New",3.8,"Moca Wallet","Mobile App",5.54,17.4,22.9,10.4,"High","Clear","WELCOME",4000,318000,22000,"4.3","4.8","1",NA,"2",20,"Wednesday","Weekday","Evening",19.1034482758621,FALSE,5.54
"GB2025001904",2025-02-21 17:36:00,"Hanoi","GrabMart","Tourist",54,"Standard",2,"Card","Mobile App",7.66,27.9,30.1,3.8,"Low","Clear","WEEKEND",5000,185000,11000,"4.3","4.2","1",NA,"1",17,"Friday","Weekday","Evening",16.4731182795699,FALSE,7.66
"GB2025001915",2025-07-23 02:17:00,"Ho Chi Minh City","GrabFood","Family",32,"Preferred",1.4,"Card","Mobile App",3.18,14.8,15,2.4,"Medium","Clear","WEEKEND",3000,89000,8000,"4.5","4.2","1",NA,"0",2,"Wednesday","Weekday","Early Morning",12.8918918918919,FALSE,3.18
"GB2025001918",2025-11-17 14:53:00,"Hanoi","GrabFood","Tourist",NA,"Standard",2,"Card","Mobile App",3.5,20.3,26.3,3.6,"High","Clear","RIDE10",4000,267000,11000,"4.5",NA,"1",NA,"1",14,"Monday","Weekday","Afternoon",10.3448275862069,FALSE,3.5
"GB2025001921",2025-04-21 01:04:00,"Can Tho","GrabFood","Tourist",31,"High Performer",3.9,"Cash","Mobile App",3.3,12,15.1,2.3,"Low","Clear","None",0,217000,21000,"4.3",NA,"1",NA,"2",1,"Monday","Weekday","Early Morning",16.5,FALSE,3.3
"GB2025001931",2025-06-07 20:52:00,"Hanoi","GrabFood","Corporate",28,"New",3.6,"Cash","Mobile App",2.33,10,13.5,5.1,"Medium","Cloudy","None",0,130000,9000,"4.1","4.4","1",NA,"0",20,"Saturday","Weekend","Evening",13.98,FALSE,2.33
"GB2025001942",2025-10-05 14:50:00,"Ho Chi Minh City","GrabMart","Family",60,"Standard",0.9,"Cash","Partner App",4.65,17.1,22.3,2.3,"Low","Clear","None",0,137000,22000,"5","4.7","1",NA,"2",14,"Sunday","Weekend","Afternoon",16.3157894736842,FALSE,4.65
"GB2025001944",2025-04-23 06:48:00,"Da Nang","GrabMart","Family",26,"Standard",4,"Card","Mobile App",2.75,6.7,8.1,5.4,"Low","Clear","None",0,171000,16000,"4.5","4.4","1",NA,"1",6,"Wednesday","Weekday","Morning",24.6268656716418,FALSE,2.75
"GB2025001945",2025-06-24 03:45:00,"Ho Chi Minh City","GrabMart","Working Professional",48,"New",1,"Cash","Mobile App",2,6,5.2,3.5,"Low","Clear","None",0,365000,27000,"4.3","5","1",NA,"2",3,"Tuesday","Weekday","Early Morning",20,FALSE,2
"GB2025001947",2025-11-25 10:54:00,"Ho Chi Minh City","GrabMart","Student",24,"High Performer",2.9,"Cash","Mobile App",3.79,14.7,16.8,3.7,"High","Cloudy","WELCOME",6000,113000,10000,"4.3","4.1","1",NA,"1",10,"Tuesday","Weekday","Morning",15.469387755102,FALSE,3.79
"GB2025001952",2025-06-05 19:12:00,"Ho Chi Minh City","GrabFood","Tourist",NA,"Preferred",1.5,"Moca Wallet","Mobile App",6.34,43.7,45.4,5,"Severe","Clear","None",0,341000,50000,"5.7","4.1","1",NA,"5",19,"Thursday","Weekday","Evening",8.70480549199085,FALSE,6.34
"GB2025001956",2025-01-24 15:01:00,"Hanoi","GrabMart","Frequent User",56,"New",3.8,"Cash","Mobile App",8.19,26.8,32.7,10.3,"Low","Rain","None",0,297000,39000,"4.6","4.3","1",NA,"3",15,"Friday","Weekday","Afternoon",18.3358208955224,FALSE,8.19
"GB2025001963",2025-08-19 04:57:00,"Nha Trang","GrabFood","Working Professional",60,"High Performer",2.5,"Moca Wallet","Mobile App",3.24,10.7,11.7,6.7,"Medium","Cloudy","None",0,125000,12000,"4.5","5","1",NA,"1",4,"Tuesday","Weekday","Early Morning",18.1682242990654,FALSE,3.24
"GB2025001967",2025-05-09 00:48:00,"Hanoi","GrabFood","Tourist",42,"Standard",1.6,"Cash","Mobile App",6.15,23,24.5,1.3,"Low","Clear","None",0,68000,13000,"4.1","4.0","1",NA,"1",0,"Friday","Weekday","Early Morning",16.0434782608696,FALSE,6.15
"GB2025001969",2025-12-16 07:26:00,"Da Nang","GrabFood","Corporate",54,"Preferred",1.1,"Moca Wallet","Mobile App",3.67,9.5,10,4.2,"Low","Clear","None",0,292000,21000,"4.3","3.5","1",NA,"2",7,"Tuesday","Weekday","Morning",23.1789473684211,FALSE,3.67
"GB2025001973",2025-10-31 10:42:00,"Hanoi","GrabFood","Working Professional",47,"High Performer",3.7,"Moca Wallet","Mobile App",3.43,13,16.9,4.1,"Low","Clear","FOOD20",4000,94000,9000,"4.7","4.3","1",NA,"0",10,"Friday","Weekday","Morning",15.8307692307692,FALSE,3.43
"GB2025001974",2025-11-30 15:15:00,"Da Nang","GrabFood","Frequent User",55,"Standard",0.3,"Moca Wallet","Mobile App",4.47,27.4,34.2,9.8,"High",NA,"None",0,71000,19000,"4.5","3.9","1",NA,"1",15,"Sunday","Weekend","Afternoon",9.78832116788321,FALSE,4.47
"GB2025001980",2025-06-08 14:21:00,"Da Nang","GrabFood","Family",51,"Preferred",3.1,"Cash","Mobile App",1.54,9.1,9.2,10.2,"High","Clear","None",0,70000,10000,"5.6","4.3","1",NA,"1",14,"Sunday","Weekend","Afternoon",10.1538461538462,FALSE,1.54
"GB2025001982",2025-11-23 12:59:00,"Da Nang","GrabFood","Family",52,"High Performer",5.8,"Cash","Mobile App",3.78,16.4,21.1,2,"Medium","Rain","WELCOME",4000,346000,23000,"4.2","4.4","1",NA,"2",12,"Sunday","Weekend","Lunch",13.8292682926829,FALSE,3.78
"GB2025001990",2025-02-20 09:37:00,"Da Nang","GrabFood","Student",61,"Standard",7.3,"Card","Mobile App",1.63,5.3,5.8,6.2,"Low","Clear","None",0,401000,12000,"4.8","5","1",NA,"1",9,"Thursday","Weekday","Morning",18.4528301886792,FALSE,1.63
"GB2025001993",2025-01-08 08:56:00,"Da Nang","GrabMart","Student",49,"Standard",0.6,"Card","Mobile App",2.66,14,16.8,5,"High","Cloudy","LOYALTY",4000,169000,14000,"4.5","4.2","1",NA,"1",8,"Wednesday","Weekday","Morning",11.4,FALSE,2.66
"GB2025001994",2025-08-30 01:10:00,"Hanoi","GrabFood","Student",37,"New",2.5,"Cash","Mobile App",2.39,10.7,9.1,1.3,"Low","Clear","WELCOME",2000,392000,19000,"4.1","4.4","1",NA,"1",1,"Saturday","Weekend","Early Morning",13.4018691588785,FALSE,2.39
"GB2025001995",2025-06-15 14:41:00,"Hanoi","GrabFood","Working Professional",43,"New",0.8,"Card","Mobile App",7.87,28.8,26.1,2.6,"Medium","Cloudy","WELCOME",11000,368000,26000,"4.8","4.0","1",NA,"2",14,"Sunday","Weekend","Afternoon",16.3958333333333,FALSE,7.87
"GB2025001996",2025-10-10 15:25:00,"Da Nang","GrabFood","Corporate",20,"Preferred",1.8,"Cash","Mobile App",6.38,21.2,27.3,1.8,"Low","Cloudy","WEEKEND",10000,91000,5000,"4.3","5","1",NA,"0",15,"Friday","Weekday","Afternoon",18.0566037735849,FALSE,6.38
"GB2025001999",2025-04-27 20:49:00,"Ho Chi Minh City","GrabMart","Corporate",51,"High Performer",2.7,"Cash","Mobile App",6.8,27.2,34.2,4.2,"High","Rain","None",0,347000,23000,"3.9","4.6","1",NA,"2",20,"Sunday","Weekend","Evening",15,FALSE,6.8
"GB2025002005",2025-05-29 09:27:00,"Ho Chi Minh City","GrabFood","Frequent User",45,"Standard",1.2,"Cash","Mobile App",1.95,4.9,5.1,7.1,"Low","Cloudy","None",0,261000,25000,NA,NA,"0","Long wait time","0",9,"Thursday","Weekday","Morning",23.8775510204082,FALSE,1.95
"GB2025002013",2025-12-09 13:34:00,"Can Tho","GrabFood","Frequent User",56,"New",1,"Card","Mobile App",NA,2.4,NA,2.7,"Low","Cloudy","None",0,417000,14000,"5","4.3","1",NA,"1",13,"Tuesday","Weekday","Lunch",NA,NA,NA
"GB2025002019",2025-09-13 19:03:00,"Bien Hoa","GrabFood","Student",40,"Standard",2.9,"Card","Mobile App",2.95,14.3,16.6,8.3,"Medium","Clear","None",0,426000,39000,"4.8","4.4","1",NA,"3",19,"Saturday","Weekend","Evening",12.3776223776224,FALSE,2.95
"GB2025002040",2025-05-20 15:51:00,"Ho Chi Minh City","GrabFood","Family",54,"Preferred",2,"Cash","Mobile App",3.15,8.5,9.4,12.9,"Medium","Rain","None",0,389000,39000,"4.5","4.1","1",NA,"3",15,"Tuesday","Weekday","Afternoon",22.2352941176471,FALSE,3.15
"GB2025002047",2025-10-28 17:34:00,"Bien Hoa","GrabFood","Family",27,"New",2.1,"Cash","Web Booking",2.17,15.5,13.2,15.4,"Severe","Clear","LOYALTY",4000,122000,12000,"5","5","1",NA,"1",17,"Tuesday","Weekday","Evening",8.4,FALSE,2.17
"GB2025002051",2025-02-23 19:28:00,"Hanoi","GrabMart","Tourist",46,"High Performer",7.1,"Cash","Mobile App",2.56,12,10.7,6.7,"Medium","Cloudy","None",0,350000,19000,"4.2","4.3","1",NA,"1",19,"Sunday","Weekend","Evening",12.8,FALSE,2.56
"GB2025002054",2025-05-24 19:51:00,"Ho Chi Minh City","GrabFood","Family",22,"High Performer",4.2,"Moca Wallet","Mobile App",3.7,22,25.9,14.8,"High",NA,"LOYALTY",6000,417000,32000,"4.2","4.3","1",NA,"3",19,"Saturday","Weekend","Evening",10.0909090909091,FALSE,3.7
"GB2025002055",2025-10-22 22:02:00,"Ho Chi Minh City","GrabFood","Family",48,"New",5.1,"Cash","Mobile App",3.86,20.9,18.2,2.1,"Medium","Cloudy","None",0,113000,18000,"3.8","5","1",NA,"1",22,"Wednesday","Weekday","Night",11.0813397129187,FALSE,3.86
"GB2025002056",2025-05-18 19:00:00,"Hanoi","GrabMart","Student",61,"Preferred",4,"Card","Mobile App",0.71,2.8,3.7,13.5,"Severe","Cloudy","None",0,399000,25000,"5","4.1","1",NA,"2",19,"Sunday","Weekend","Evening",15.2142857142857,FALSE,0.71
"GB2025002059",2025-10-26 15:49:00,"Nha Trang","GrabFood","Family",55,"Standard",1.1,"Card","Mobile App",0.8,2.1,2.8,9.4,"Low","Heavy Rain","None",0,420000,22000,"4.8","4.1","1",NA,"2",15,"Sunday","Weekend","Afternoon",22.8571428571429,FALSE,0.8
"GB2025002061",2025-01-04 06:43:00,"Can Tho","GrabMart","Corporate",60,"New",1.2,"Card","Mobile App",0.99,2.8,3.1,4.4,"Medium","Clear","None",0,48000,8000,NA,"5","1",NA,"0",6,"Saturday","Weekend","Morning",21.2142857142857,FALSE,0.99
"GB2025002063",2025-08-24 06:26:00,"Hanoi","GrabFood","Family",49,"High Performer",4.2,"Cash","Mobile App",1.96,8.7,8.7,5.3,"Severe","Clear","None",0,419000,27000,"4.3","5.0","1",NA,"2",6,"Sunday","Weekend","Morning",13.5172413793103,FALSE,1.96
"GB2025002065",2025-05-02 21:26:00,"Ho Chi Minh City","GrabFood","Family",33,"High Performer",1.9,"Corporate Account","Mobile App",2.2,7.2,7.1,6.8,"High","Cloudy","None",0,350000,21000,"4.6","4.9","1",NA,"2",21,"Friday","Weekday","Night",18.3333333333333,FALSE,2.2
"GB2025002066",2025-02-19 10:20:00,"Hue","GrabFood","Frequent User",29,"High Performer",2,"Cash","Mobile App",7.87,21.8,26.9,4.4,"Low","Cloudy",NA,8000,125000,11000,"5","4.4","1",NA,"1",10,"Wednesday","Weekday","Morning",21.6605504587156,FALSE,7.87
"GB2025002068",2025-09-14 06:08:00,"Da Nang","GrabFood","Student",50,"High Performer",1.4,"Card","Mobile App",1.08,6.1,6.1,6.8,"High","Cloudy","None",0,220000,22000,"4.4","5","1",NA,"2",6,"Sunday","Weekend","Morning",10.6229508196721,FALSE,1.08
"GB2025002077",2025-02-12 19:20:00,"Ho Chi Minh City","GrabFood","Tourist",38,"Standard",4.3,"Corporate Account","Mobile App",0.85,2.4,2.4,1.3,"Low","Clear","RIDE10",1000,295000,19000,"4.7","4.2","1",NA,"1",19,"Wednesday","Weekday","Evening",21.25,FALSE,0.85
"GB2025002085",2025-03-29 02:58:00,"Ho Chi Minh City","GrabMart","Frequent User",46,"Standard",2.9,"Card","Mobile App",4.56,12.3,11.3,7,"Low","Clear","None",0,316000,17000,"4.3","4.2","1",NA,"1",2,"Saturday","Weekend","Early Morning",22.2439024390244,FALSE,4.56
"GB2025002086",2025-11-15 15:41:00,"Ho Chi Minh City","GrabFood","Tourist",57,"High Performer",5.8,"Corporate Account","Mobile App",3.36,13.5,13.4,3.2,"Low","Clear","None",0,48000,11000,"5","4.4","1",NA,"1",15,"Saturday","Weekend","Afternoon",14.9333333333333,FALSE,3.36
"GB2025002090",2025-05-22 07:06:00,"Ho Chi Minh City","GrabFood","Student",49,"High Performer",0.4,"Cash","Mobile App",3.47,14.2,15.5,4.2,"High","Rain","None",0,63000,16000,"4.5","4.5","1",NA,"1",7,"Thursday","Weekday","Morning",14.6619718309859,FALSE,3.47
"GB2025002093",2025-08-22 11:49:00,"Bien Hoa","GrabMart","Corporate",45,"New",3.4,"Cash","Mobile App",12.05,31.9,40.6,4.5,"Low","Clear","WEEKEND",12000,229000,14000,"4.7","5","1",NA,"1",11,"Friday","Weekday","Lunch",22.6645768025078,FALSE,12.05
"GB2025002109",2025-09-20 00:04:00,"Ho Chi Minh City","GrabFood","Tourist",47,"Preferred",2.1,"Cash","Mobile App",5.23,21.2,21.5,7.7,"Medium","Rain","WEEKEND",4000,397000,23000,"5","3.4","1",NA,"2",0,"Saturday","Weekend","Early Morning",14.8018867924528,FALSE,5.23
"GB2025002112",2025-10-23 10:14:00,"Ho Chi Minh City","GrabFood","Student",48,"Standard",3.4,"Card","Mobile App",3.06,13.1,16.2,4.6,"High","Clear","None",0,351000,36000,"4.4","4.2","1",NA,"3",10,"Thursday","Weekday","Morning",14.0152671755725,FALSE,3.06
"GB2025002115",2025-08-26 22:15:00,"Da Nang","GrabMart","Frequent User",51,"Standard",2.7,"Cash","Mobile App",1.42,7.5,8.9,3.8,"Medium","Clear","MART15",4000,160000,7000,"5","4.9","1",NA,"0",22,"Tuesday","Weekday","Night",11.36,FALSE,1.42
"GB2025002118",2025-03-31 19:48:00,"Ho Chi Minh City","GrabFood","Frequent User",25,"High Performer",1.1,"Cash","Mobile App",3.04,14.1,18.6,4.5,"Medium","Clear","WEEKEND",5000,182000,17000,"4.6","4.8","1",NA,"1",19,"Monday","Weekday","Evening",12.936170212766,FALSE,3.04
"GB2025002120",2025-04-29 06:55:00,"Nha Trang","GrabFood","Corporate",39,"Standard",3.5,"Moca Wallet","Mobile App",12.58,48,50.1,7.7,"Medium","Clear","None",0,344000,48000,"3.7","4.6","1",NA,"4",6,"Tuesday","Weekday","Morning",15.725,FALSE,12.58
"GB2025002122",2025-09-12 09:27:00,"Ho Chi Minh City","GrabMart","Working Professional",62,"Preferred",0.3,"Moca Wallet","Mobile App",1.48,4.9,6.3,3.6,"Medium","Cloudy","None",0,228000,20000,"4.9","4.0","1",NA,"2",9,"Friday","Weekday","Morning",18.1224489795918,FALSE,1.48
"GB2025002124",2025-12-30 19:50:00,"Nha Trang","GrabFood","Family",40,"Preferred",0.7,"Moca Wallet","Mobile App",3.83,14.1,18.4,5.4,"Low","Cloudy","LOYALTY",3000,394000,36000,"4.2","4.6","1",NA,"3",19,"Tuesday","Weekday","Evening",16.2978723404255,FALSE,3.83
"GB2025002134",2025-04-17 05:01:00,"Hanoi","GrabFood","Tourist",32,"New",6.8,"Cash","Mobile App",4.65,23.6,30.1,9.4,"Medium","Rain","None",0,339000,23000,"4.7","4.1","1",NA,"2",5,"Thursday","Weekday","Early Morning",11.8220338983051,FALSE,4.65
"GB2025002136",2025-12-12 08:44:00,"Can Tho","GrabMart","Working Professional",19,"Preferred",1.7,"Card","Partner App",2.28,8,9.9,6.6,"Medium","Clear","WEEKEND",5000,65000,7000,"4.8","4.6","1",NA,"0",8,"Friday","Weekday","Morning",17.1,FALSE,2.28
"GB2025002142",2025-03-21 06:01:00,"Hanoi","GrabMart","Working Professional",52,"Preferred",4.7,"Card","Mobile App",5.8,17.9,16.7,2.9,"Medium","Clear","RIDE10",5000,262000,30000,"4.4","4.6","1",NA,"3",6,"Friday","Weekday","Morning",19.4413407821229,FALSE,5.8
"GB2025002143",2025-05-23 03:24:00,"Ho Chi Minh City","GrabFood","Family",45,"New",8.3,"Cash","Partner App",3.23,14.5,15.8,4.4,"High","Clear","None",0,402000,33000,"4.9","4.2","1",NA,"3",3,"Friday","Weekday","Early Morning",13.3655172413793,FALSE,3.23
"GB2025002155",2025-06-30 07:10:00,"Bien Hoa","GrabFood","Family",38,"New",5.6,"Cash","Mobile App",1.14,7.2,6.3,11.3,"High","Clear","WEEKEND",1000,275000,24000,"4.4","4.7","1",NA,"2",7,"Monday","Weekday","Morning",9.5,FALSE,1.14
"GB2025002156",2025-01-24 13:39:00,"Da Nang","GrabMart","Family",48,"New",1.9,"Cash","Mobile App",9.96,49.1,47.4,2.7,"Medium","Cloudy","LOYALTY",12000,67000,14000,"4.5","4.1","1",NA,"1",13,"Friday","Weekday","Lunch",12.1710794297352,FALSE,9.96
"GB2025002157",2025-10-16 10:43:00,"Hanoi","GrabFood","Family",39,"New",0.1,"Corporate Account","Mobile App",1.69,6.4,6,7.8,"High","Clear","None",0,294000,25000,"4.1","3.8","1",NA,"2",10,"Thursday","Weekday","Morning",15.84375,FALSE,1.69
"GB2025002162",2025-04-24 12:15:00,"Bien Hoa","GrabFood","Frequent User",23,"Preferred",4.6,"Cash","Mobile App",3.19,12.7,11.7,1.5,"Medium","Cloudy","None",0,47000,10000,NA,NA,"0","Payment issue","0",12,"Thursday","Weekday","Lunch",15.0708661417323,FALSE,3.19
"GB2025002163",2025-08-24 19:45:00,"Hanoi","GrabMart","Student",NA,"New",1.1,"Cash","Mobile App",4.99,23.7,21.1,3.9,"Low","Clear","RIDE10",4000,120000,15000,"5","4.4","1",NA,"1",19,"Sunday","Weekend","Evening",12.6329113924051,FALSE,4.99
"GB2025002174",2025-01-10 04:15:00,"Da Nang","GrabFood","Tourist",41,"New",3.4,"Moca Wallet","Mobile App",1.62,4.6,4.2,5.4,"Low","Rain","None",0,65000,10000,"4.2","5","1",NA,"1",4,"Friday","Weekday","Early Morning",21.1304347826087,FALSE,1.62
"GB2025002179",2025-10-10 01:26:00,"Da Nang","GrabFood","Corporate",24,"New",0.7,"Card","Partner App",0.57,2.4,3,5.4,"High","Cloudy","RIDE10",1000,76000,5000,NA,NA,"0","Customer changed mind","0",1,"Friday","Weekday","Early Morning",14.25,FALSE,0.57
"GB2025002181",2025-07-05 15:10:00,"Ho Chi Minh City","GrabMart","Working Professional",39,"Preferred",0.5,"Cash","Mobile App",0.96,4.2,4.9,5.7,"Low","Clear","None",0,114000,13000,"4.4","4.4","1",NA,"1",15,"Saturday","Weekend","Afternoon",13.7142857142857,FALSE,0.96
"GB2025002184",2025-07-09 20:14:00,"Bien Hoa","GrabMart","Corporate",28,"Preferred",1.6,"Card","Mobile App",6.56,21.7,19.7,4.4,"Low","Cloudy","None",0,299000,26000,"4.8","4.5","1",NA,"2",20,"Wednesday","Weekday","Evening",18.1382488479263,FALSE,6.56
"GB2025002187",2025-05-10 14:06:00,"Ho Chi Minh City","GrabMart","Frequent User",35,"Preferred",5.1,"Card","Mobile App",7.69,37.2,38.4,3.4,"High","Cloudy","FOOD20",4000,413000,34000,"4.2","4.4","1",NA,"3",14,"Saturday","Weekend","Afternoon",12.4032258064516,FALSE,7.69
"GB2025002188",2025-05-31 07:44:00,"Can Tho","GrabMart","Tourist",43,"Standard",1,"Card","Mobile App",3.51,15.5,18.2,6.7,"Medium",NA,"RIDE10",3000,98000,10000,NA,NA,"0","Payment issue","0",7,"Saturday","Weekend","Morning",13.5870967741935,FALSE,3.51
"GB2025002191",2025-02-03 18:35:00,"Hai Phong","GrabMart","Family",35,"New",1.1,"Card","Mobile App",3.05,10.5,10.4,10.8,"High","Cloudy","None",0,218000,19000,"4.8","4.7","1",NA,"1",18,"Monday","Weekday","Evening",17.4285714285714,FALSE,3.05
"GB2025002192",2025-04-03 01:53:00,"Bien Hoa","GrabMart","Tourist",62,"New",3.5,"Moca Wallet","Mobile App",3.33,13.7,11.8,3.2,"Low","Rain","MART15",4000,262000,10000,"4.2","5","1",NA,"1",1,"Thursday","Weekday","Early Morning",14.5839416058394,FALSE,3.33
"GB2025002196",2025-10-08 22:30:00,"Hai Phong","GrabFood","Frequent User",31,"New",0.9,"Card","Mobile App",2.86,11.2,14.8,10.5,"Low","Rain","None",0,312000,14000,"4.5","4.9","1",NA,"1",22,"Wednesday","Weekday","Night",15.3214285714286,FALSE,2.86
"GB2025002198",2025-04-14 20:40:00,"Hanoi","GrabFood","Student",24,"New",2.7,"Card","Partner App",10.59,46.8,43.4,5.4,"Low","Clear","MART15",10000,357000,24000,"4.6","4.7","1",NA,"2",20,"Monday","Weekday","Evening",13.5769230769231,FALSE,10.59
"GB2025002206",2025-02-26 16:22:00,"Ho Chi Minh City","GrabFood","Working Professional",40,"New",3.3,"Cash","Mobile App",0.73,2.7,3.6,3.6,"Low","Clear","None",0,268000,17000,"4.5","5","1",NA,"1",16,"Wednesday","Weekday","Afternoon",16.2222222222222,FALSE,0.73
"GB2025002207",2025-04-30 19:06:00,"Ho Chi Minh City","GrabFood","Family",32,"High Performer",3.7,"Moca Wallet","Web Booking",2.73,9.1,10,4.5,"High",NA,"RIDE10",5000,51000,9000,NA,"4.6","1",NA,"0",19,"Wednesday","Weekday","Evening",18,FALSE,2.73
"GB2025002212",2025-07-22 03:37:00,"Da Nang","GrabFood","Family",30,"Standard",4.7,"Moca Wallet","Mobile App",2.92,12.9,11.9,12.1,"High","Cloudy","WEEKEND",4000,328000,14000,"4.2","4.2","1",NA,"1",3,"Tuesday","Weekday","Early Morning",13.5813953488372,FALSE,2.92
"GB2025002213",2025-06-16 02:59:00,"Ho Chi Minh City","GrabFood","Working Professional",57,"High Performer",10.9,"Cash","Mobile App",3.15,10.2,13.4,5.3,"Low","Clear","WELCOME",4000,125000,11000,"4.4",NA,"1",NA,"1",2,"Monday","Weekday","Early Morning",18.5294117647059,FALSE,3.15
"GB2025002217",2025-09-11 06:03:00,"Hue","GrabFood","Student",61,"New",1.4,"Card","Web Booking",7.14,32.2,35.2,4.1,"Low","Clear","FOOD20",9000,111000,16000,"4.4","4.1","1",NA,"1",6,"Thursday","Weekday","Morning",13.304347826087,FALSE,7.14
"GB2025002221",2025-02-05 12:51:00,"Nha Trang","GrabMart","Family",28,"High Performer",1.9,"Cash","Web Booking",1.05,3.2,3.2,2,"Low","Clear","WEEKEND",2000,303000,20000,"4.8","4.5","1",NA,"2",12,"Wednesday","Weekday","Lunch",19.6875,FALSE,1.05
"GB2025002222",2025-02-05 00:28:00,"Hanoi","GrabMart","Tourist",42,"Standard",NA,"Card","Mobile App",2.03,11.1,12.7,2.9,"High","Cloudy","None",0,374000,32000,"4.4","4.5","1",NA,"3",0,"Wednesday","Weekday","Early Morning",10.972972972973,FALSE,2.03
"GB2025002225",2025-03-11 17:12:00,"Da Nang","GrabFood","Frequent User",45,"High Performer",0.5,"Moca Wallet","Mobile App",4.71,14,13.5,1.7,"High","Clear","None",0,324000,27000,"4.8","4.4","1",NA,"2",17,"Tuesday","Weekday","Evening",20.1857142857143,FALSE,4.71
"GB2025002226",2025-10-17 02:13:00,"Ho Chi Minh City","GrabFood","Working Professional",28,"Standard",0.8,"Card","Mobile App",1.4,6.9,6.2,7.2,"Medium","Clear","WELCOME",3000,143000,11000,NA,"4.9","1",NA,"1",2,"Friday","Weekday","Early Morning",12.1739130434783,FALSE,1.4
"GB2025002227",2025-01-24 23:49:00,"Hanoi","GrabFood","Frequent User",24,"New",1.7,"Moca Wallet","Mobile App",3.25,8.3,8.6,6.4,"Low","Clear","None",0,387000,NA,"5","4.3","1",NA,"1",23,"Friday","Weekday","Night",23.4939759036145,FALSE,3.25
"GB2025002228",2025-06-09 10:55:00,"Ho Chi Minh City","GrabFood","Working Professional",50,"High Performer",1.8,"Card","Mobile App",0.91,2.6,2.7,7.8,"Low","Clear","WELCOME",1000,157000,8000,"4.9","4.1","1",NA,"0",10,"Monday","Weekday","Morning",21,FALSE,0.91
"GB2025002229",2025-06-07 09:27:00,"Ho Chi Minh City","GrabFood","Working Professional",45,"High Performer",5.7,"Card","Mobile App",5.57,30.9,39.8,4.2,"High","Cloudy","None",0,383000,21000,"4.7","4.3","1",NA,"2",9,"Saturday","Weekend","Morning",10.8155339805825,FALSE,5.57
"GB2025002233",2025-01-16 02:10:00,"Hanoi","GrabFood","Frequent User",44,"High Performer",6,"Moca Wallet","Mobile App",2.51,8.6,7.5,7.7,"Low","Cloudy","LOYALTY",3000,291000,21000,"4.8","5","1",NA,"2",2,"Thursday","Weekday","Early Morning",17.5116279069767,FALSE,2.51
"GB2025002235",2025-07-17 08:08:00,"Bien Hoa","GrabFood","Frequent User",62,"High Performer",0.9,"Card","Partner App",1.15,4.5,3.9,11.7,"High","Cloudy","WELCOME",4000,115000,5000,"4.5","4.1","1",NA,"0",8,"Thursday","Weekday","Morning",15.3333333333333,FALSE,1.15
"GB2025002244",2025-08-21 07:59:00,"Hanoi","GrabFood","Family",52,"Preferred",1.1,"Moca Wallet","Mobile App",2.08,8.5,7.6,8.9,"High","Clear","None",0,291000,31000,"5","4.2","1",NA,"3",7,"Thursday","Weekday","Morning",14.6823529411765,FALSE,2.08
"GB2025002252",2025-09-22 11:57:00,"Hanoi","GrabFood","Tourist",25,"Standard",3.9,"Moca Wallet","Mobile App",4.35,20.3,18,9.7,"High","Rain","MART15",2000,433000,30000,"5.0","4.7","1",NA,"3",11,"Monday","Weekday","Lunch",12.8571428571429,FALSE,4.35
"GB2025002261",2025-06-11 04:45:00,"Can Tho","GrabFood","Tourist",20,"Preferred",1.6,"Cash","Mobile App",1.82,5.6,4.8,6.4,"High","Clear","None",0,278000,18000,NA,NA,"0","Driver unavailable","0",4,"Wednesday","Weekday","Early Morning",19.5,FALSE,1.82
"GB2025002263",2025-05-11 06:33:00,"Da Nang","GrabMart","Tourist",NA,"Preferred",2,"Cash","Mobile App",1.99,6.1,6.6,2.9,"Low","Cloudy","WELCOME",3000,326000,23000,"4.6","4.0","1",NA,"2",6,"Sunday","Weekend","Morning",19.5737704918033,FALSE,1.99
"GB2025002266",2025-07-06 13:10:00,"Da Nang","GrabMart","Corporate",61,"Preferred",4.8,"Corporate Account","Mobile App",1.4,3.9,3.7,2.1,"Low","Clear","None",0,349000,25000,"4.3","5","1",NA,"2",13,"Sunday","Weekend","Lunch",21.5384615384615,FALSE,1.4
"GB2025002270",2025-11-13 20:00:00,"Da Nang","GrabMart","Tourist",35,"High Performer",0.8,"Cash","Web Booking",4.65,17.4,16.5,2.1,"Medium","Clear","None",0,181000,20000,"4.7","4.5","1",NA,"2",20,"Thursday","Weekday","Evening",16.0344827586207,FALSE,4.65
"GB2025002271",2025-01-03 03:56:00,"Hanoi","GrabFood","Working Professional",19,"High Performer",1.5,"Card","Partner App",7.2,45.4,40.5,4.5,NA,"Clear","None",0,263000,30000,"5","4.9","1",NA,"3",3,"Friday","Weekday","Early Morning",9.51541850220264,FALSE,7.2
"GB2025002275",2025-11-09 17:22:00,"Ho Chi Minh City","GrabFood","Corporate",37,"High Performer",0.4,"Moca Wallet","Mobile App",1.29,9.7,12,12.6,"Severe","Clear","None",0,262000,19000,"4.5","3.9","1",NA,"1",17,"Sunday","Weekend","Evening",7.97938144329897,FALSE,1.29
"GB2025002279",2025-10-30 11:17:00,"Hai Phong","GrabFood","Corporate",27,"Standard",7.5,"Moca Wallet","Mobile App",4.31,20.9,21.1,6.8,"Medium","Rain","RIDE10",7000,272000,22000,"4.5","4.8","1",NA,"2",11,"Thursday","Weekday","Lunch",12.3732057416268,FALSE,4.31
"GB2025002289",2025-02-09 13:34:00,"Can Tho","GrabFood","Student",57,"Standard",4.4,"Moca Wallet","Web Booking",6.05,22.6,21,5.7,"Low","Cloudy","None",0,51000,12000,"5","4.0","1",NA,"1",13,"Sunday","Weekend","Lunch",16.0619469026549,FALSE,6.05
"GB2025002291",2025-06-16 06:19:00,"Bien Hoa","GrabFood","Family",38,"Standard",1.2,"Card","Mobile App",3.01,14.2,15.7,1.2,"Medium","Clear","None",0,441000,16000,"4.5","4.9","1",NA,"1",6,"Monday","Weekday","Morning",12.7183098591549,FALSE,3.01
"GB2025002293",2025-01-31 00:44:00,"Ho Chi Minh City","GrabMart","Student",55,"Standard",1.5,"Card","Mobile App",1.63,5.9,6.5,2.6,NA,"Cloudy","None",0,126000,13000,"4.7","4.4","1",NA,"1",0,"Friday","Weekday","Early Morning",16.5762711864407,FALSE,1.63
"GB2025002295",2025-11-10 01:38:00,"Hanoi","GrabFood","Student",31,"New",3.8,"Cash","Mobile App",2.99,11,13.8,2,"Low","Clear","None",0,367000,24000,"4.3","5","1",NA,"2",1,"Monday","Weekday","Early Morning",16.3090909090909,FALSE,2.99
"GB2025002297",2025-03-19 15:27:00,"Hanoi","GrabFood","Family",56,"New",3.3,"Cash","Partner App",1.38,6.6,6.1,5.2,"Medium","Cloudy","WEEKEND",2000,318000,18000,"3.7","4.9","1",NA,"1",15,"Wednesday","Weekday","Afternoon",12.5454545454545,FALSE,1.38
"GB2025002299",2025-12-27 14:14:00,"Hai Phong","GrabFood","Tourist",20,"Preferred",2.4,"Card","Mobile App",4.38,30.6,36.1,6.8,"Severe","Clear","None",0,237000,24000,"5","5","1",NA,"2",14,"Saturday","Weekend","Afternoon",8.58823529411765,FALSE,4.38
"GB2025002300",2025-11-22 03:21:00,"Bien Hoa","GrabFood","Corporate",62,"Preferred",3,"Cash","Mobile App",2.92,7.3,6.5,1.5,"Low","Clear","None",0,434000,26000,"5.0","4.2","1",NA,"2",3,"Saturday","Weekend","Early Morning",24,FALSE,2.92
"GB2025002301",2025-11-26 14:37:00,"Nha Trang","GrabFood","Tourist",57,"Preferred",1.1,"Moca Wallet","Mobile App",2.41,7.1,7.9,2.3,"Low","Clear","None",0,281000,24000,"4.5","5","1",NA,"2",14,"Wednesday","Weekday","Afternoon",20.3661971830986,FALSE,2.41
"GB2025002312",2025-11-27 10:18:00,"Can Tho","GrabFood","Tourist",24,"High Performer",4.1,"Card","Mobile App",2.73,19.9,17.8,3,"Severe","Clear","None",0,94000,13000,"4.5","4.9","1",NA,"1",10,"Thursday","Weekday","Morning",8.23115577889447,FALSE,2.73
"GB2025002314",2025-05-14 17:17:00,"Nha Trang","GrabFood","Frequent User",52,"High Performer",1,"Card","Mobile App",0.78,2.8,3.6,7.1,"High","Cloudy","WEEKEND",4000,63000,5000,"4.0","4.3","1",NA,"0",17,"Wednesday","Weekday","Evening",16.7142857142857,FALSE,0.78
"GB2025002321",2025-03-11 06:56:00,"Ho Chi Minh City","GrabFood","Family",37,"New",1.2,"Card","Mobile App",3.82,9.8,11.6,6.8,"Low","Rain","None",0,61000,8000,"4.7","4.3","1",NA,"0",6,"Tuesday","Weekday","Morning",23.3877551020408,FALSE,3.82
"GB2025002330",2025-02-25 14:22:00,"Hai Phong","GrabFood","Student",37,"Standard",4.1,"Card","Mobile App",1.58,6.5,8,8.9,"High","Cloudy","None",0,168000,15000,"4.1","5","1",NA,"1",14,"Tuesday","Weekday","Afternoon",14.5846153846154,FALSE,1.58
"GB2025002331",2025-10-02 03:45:00,"Hanoi","GrabFood","Tourist",56,"Standard",4.4,"Card","Mobile App",3,15.2,16.3,9.5,"High","Clear","RIDE10",1000,272000,24000,"4.1","5","1",NA,"2",3,"Thursday","Weekday","Early Morning",11.8421052631579,FALSE,3
"GB2025002334",2025-12-06 02:49:00,"Da Nang","GrabFood","Tourist",37,"New",8.6,"Moca Wallet","Mobile App",5.5,22.4,25.1,3.7,"Medium","Clear","LOYALTY",2000,206000,15000,"4.6","4.6","1",NA,"1",2,"Saturday","Weekend","Early Morning",14.7321428571429,FALSE,5.5
"GB2025002341",2025-09-08 00:23:00,"Hanoi","GrabFood","Student",62,"Standard",4.2,"Card","Mobile App",1.47,7.4,7,6.3,"Medium","Clear","None",0,191000,15000,"4.4","5","1",NA,"1",0,"Monday","Weekday","Early Morning",11.9189189189189,FALSE,1.47
"GB2025002342",2025-08-02 07:05:00,"Ho Chi Minh City","GrabFood","Corporate",30,"New",0.5,"Cash","Mobile App",4.22,16.5,16.8,9.4,"Medium","Clear","WEEKEND",7000,236000,21000,"4.3","4.0","1",NA,"2",7,"Saturday","Weekend","Morning",15.3454545454545,FALSE,4.22
"GB2025002346",2025-07-26 15:01:00,"Can Tho","GrabFood","Corporate",31,"New",4.3,"Moca Wallet","Mobile App",6.24,25,22.1,8,"Low","Cloudy","LOYALTY",5000,325000,17000,"4.6",NA,"1",NA,"1",15,"Saturday","Weekend","Afternoon",14.976,FALSE,6.24
"GB2025002351",2025-04-30 01:11:00,"Nha Trang","GrabFood","Corporate",54,"High Performer",3.2,"Cash","Mobile App",2.21,8.3,10.2,3.5,"Low","Clear","None",0,217000,17000,"4.5","4.0","1",NA,"1",1,"Wednesday","Weekday","Early Morning",15.9759036144578,FALSE,2.21
"GB2025002353",2025-12-31 06:02:00,"Hanoi","GrabMart","Family",42,"Standard",1.1,"Card","Mobile App",7.36,21,25,2.8,"Medium","Cloudy","RIDE10",3000,229000,15000,"4.8","4.8","1",NA,"1",6,"Wednesday","Weekday","Morning",21.0285714285714,FALSE,7.36
"GB2025002364",2025-02-28 01:15:00,"Ho Chi Minh City","GrabFood","Corporate",28,"New",3.6,"Card","Partner App",2.57,9.4,11.5,3.4,"Severe",NA,"None",0,124000,12000,"4.6","5","1",NA,"1",1,"Friday","Weekday","Early Morning",16.4042553191489,FALSE,2.57
"GB2025002365",2025-12-06 15:04:00,"Hanoi","GrabMart","Tourist",18,"New",0.4,"Cash","Mobile App",5.01,17,22.2,4.4,"Low","Clear","None",0,450000,29000,"4.5","4.6","1",NA,"2",15,"Saturday","Weekend","Afternoon",17.6823529411765,FALSE,5.01
"GB2025002366",2025-10-04 07:01:00,"Hai Phong","GrabMart","Tourist",23,"New",3.7,"Card","Mobile App",2.06,10.5,9.6,13.7,"Severe","Clear","FOOD20",4000,209000,13000,"4.5","4.5","1",NA,"1",7,"Saturday","Weekend","Morning",11.7714285714286,FALSE,2.06
"GB2025002376",2025-11-05 04:32:00,"Hue","GrabFood","Student",25,"New",2,"Card","Mobile App",1.09,4.7,4,1.4,"Low","Rain","WELCOME",1000,204000,21000,"4.8","4.1","1",NA,"2",4,"Wednesday","Weekday","Early Morning",13.9148936170213,FALSE,1.09
"GB2025002380",2025-12-22 10:48:00,"Hanoi","GrabFood","Working Professional",25,"New",1.3,"Cash","Mobile App",1.47,4.8,5.7,6.4,"Medium","Rain","None",0,286000,17000,"4.8","4.1","1",NA,"1",10,"Monday","Weekday","Morning",18.375,FALSE,1.47
"GB2025002381",2025-04-24 04:12:00,"Ho Chi Minh City","GrabFood","Working Professional",44,"New",2.3,"Card","Mobile App",4.1,20.3,NA,6.6,"Medium","Clear","WEEKEND",6000,82000,6000,"4.6","5","1",NA,"0",4,"Thursday","Weekday","Early Morning",12.1182266009852,FALSE,4.1
"GB2025002383",2025-01-02 21:14:00,"Hai Phong","GrabMart","Working Professional",28,"New",0.3,"Cash","Mobile App",3.59,12.8,11.8,5.1,"Medium","Clear","WEEKEND",5000,181000,21000,"4.8","4.3","1",NA,"2",21,"Thursday","Weekday","Night",16.828125,FALSE,3.59
"GB2025002385",2025-03-23 07:38:00,"Ho Chi Minh City","GrabFood","Corporate",46,"Preferred",3.1,"Card","Partner App",3.86,21.4,19.3,12.1,"High","Rain","None",0,218000,24000,"4.8","4.4","1",NA,"2",7,"Sunday","Weekend","Morning",10.8224299065421,FALSE,3.86
"GB2025002389",2025-11-13 19:47:00,"Ho Chi Minh City","GrabFood","Family",31,"New",2.6,"Card","Mobile App",2.7,10.4,12.3,3.5,"High","Clear","WEEKEND",3000,295000,14000,"4.3","3.6","1",NA,"1",19,"Thursday","Weekday","Evening",15.5769230769231,FALSE,2.7
"GB2025002391",2025-03-26 10:47:00,"Hanoi","GrabFood","Tourist",61,"Preferred",5.5,"Cash","Mobile App",2.1,7.9,8.7,7.7,"Medium","Clear","None",0,183000,13000,"4.2","3.7","1",NA,"1",10,"Wednesday","Weekday","Morning",15.9493670886076,FALSE,2.1
"GB2025002395",2025-06-07 02:03:00,"Ho Chi Minh City","GrabFood","Working Professional",49,"New",1.2,"Cash","Mobile App",3.71,17.6,NA,2.3,"Low","Rain","None",0,178000,16000,"3.9","4.4","1",NA,"1",2,"Saturday","Weekend","Early Morning",12.6477272727273,FALSE,3.71
"GB2025002400",2025-08-17 14:13:00,"Ho Chi Minh City","GrabMart","Family",35,"Preferred",2.3,"Card","Mobile App",3.06,14,18,9.8,"High","Clear","WELCOME",5000,214000,7000,"3.9","4.4","1",NA,"0",14,"Sunday","Weekend","Afternoon",13.1142857142857,FALSE,3.06
"GB2025002401",2025-06-22 17:39:00,"Hue","GrabMart","Corporate",24,"High Performer",0.9,"Cash","Mobile App",4.95,24.3,NA,11.9,"Medium","Rain","FOOD20",9000,47000,10000,"4.1","4.0","1",NA,"1",17,"Sunday","Weekend","Evening",12.2222222222222,FALSE,4.95
"GB2025002404",2025-09-05 13:27:00,"Bien Hoa","GrabMart","Working Professional",32,"High Performer",2.9,"Corporate Account","Mobile App",3.09,13.5,16.5,3.6,"Low","Clear","None",0,276000,26000,"4.7","4.5","1",NA,"2",13,"Friday","Weekday","Lunch",13.7333333333333,FALSE,3.09
"GB2025002407",2025-01-19 02:32:00,"Da Nang","GrabFood","Tourist",53,"Preferred",2,"Card","Mobile App",2.14,5.7,7.3,5.8,"Low","Clear","None",0,335000,18000,"4.3","4.1","1",NA,"1",2,"Sunday","Weekend","Early Morning",22.5263157894737,FALSE,2.14
"GB2025002408",2025-08-23 04:58:00,"Ho Chi Minh City","GrabFood","Family",58,"Standard",2.5,"Moca Wallet","Mobile App",2.46,8.8,8.9,4.8,"Low","Clear","None",0,188000,13000,"4.8","3.7","1",NA,"1",4,"Saturday","Weekend","Early Morning",16.7727272727273,FALSE,2.46
"GB2025002409",2025-05-26 18:04:00,"Can Tho","GrabMart","Tourist",32,"Standard",2.3,"Card","Mobile App",0.86,2.5,2.7,7.3,"Medium","Cloudy","None",0,317000,26000,NA,"4.7","1",NA,"2",18,"Monday","Weekday","Evening",20.64,FALSE,0.86
"GB2025002411",2025-12-25 20:53:00,"Da Nang","GrabFood","Working Professional",55,"Preferred",0.9,"Card","Mobile App",3.3,15.6,13.7,4.3,"Medium","Cloudy","None",0,381000,39000,"4.5","4.2","1",NA,"3",20,"Thursday","Weekday","Evening",12.6923076923077,FALSE,3.3
"GB2025002417",2025-04-14 21:23:00,"Hanoi","GrabMart","Working Professional",26,"Standard",1.6,"Cash","Web Booking",5.01,21.6,19.5,1.8,"Medium","Clear","None",0,441000,26000,"4.8","4.3","1",NA,"2",21,"Monday","Weekday","Night",13.9166666666667,FALSE,5.01
"GB2025002418",2025-10-13 10:34:00,"Ho Chi Minh City","GrabMart","Frequent User",22,"High Performer",2,"Moca Wallet","Mobile App",1.73,4.5,5,4.8,"Medium","Clear","WEEKEND",1000,120000,9000,NA,NA,"0","Customer changed mind","0",10,"Monday","Weekday","Morning",23.0666666666667,FALSE,1.73
"GB2025002419",2025-03-12 15:47:00,"Ho Chi Minh City","GrabFood","Tourist",54,"Standard",7,"Moca Wallet","Mobile App",4.76,22,24.4,7.7,"Low",NA,"None",0,120000,17000,"3.9","4.8","1",NA,"1",15,"Wednesday","Weekday","Afternoon",12.9818181818182,FALSE,4.76
"GB2025002424",2025-11-15 14:37:00,"Bien Hoa","GrabFood","Student",29,"High Performer",9.3,"Moca Wallet","Mobile App",2.9,9.9,11.3,5.7,"Medium","Clear","None",0,346000,31000,NA,NA,"0","Customer changed mind","0",14,"Saturday","Weekend","Afternoon",17.5757575757576,FALSE,2.9
"GB2025002425",2025-05-12 14:27:00,"Ho Chi Minh City","GrabFood","Frequent User",41,"Standard",1.6,"Card","Mobile App",1.59,7,6.6,3.7,NA,"Clear","FOOD20",3000,377000,15000,"4.5",NA,"1",NA,"1",14,"Monday","Weekday","Afternoon",13.6285714285714,FALSE,1.59
"GB2025002427",2025-01-01 03:27:00,"Hanoi","GrabFood","Working Professional",62,"Preferred",3.7,"Card","Mobile App",2.63,8.4,10.2,9.5,"Medium","Clear","None",0,393000,38000,"5","4.9","1",NA,"3",3,"Wednesday","Weekday","Early Morning",18.7857142857143,FALSE,2.63
"GB2025002429",2025-10-18 04:57:00,"Ho Chi Minh City","GrabFood","Student",29,"High Performer",0.1,"Cash","Mobile App",3.83,19.6,16.8,2.5,"Medium","Rain","None",0,155000,19000,"4.6","4.5","1",NA,"1",4,"Saturday","Weekend","Early Morning",11.7244897959184,FALSE,3.83
"GB2025002431",2025-07-20 02:02:00,"Da Nang","GrabFood","Family",53,"High Performer",NA,"Cash","Mobile App",NA,17,18.1,7.7,"Low","Rain","LOYALTY",4000,104000,12000,"4.3","4.1","1",NA,"1",2,"Sunday","Weekend","Early Morning",NA,NA,NA
"GB2025002435",2025-03-30 06:45:00,"Bien Hoa","GrabFood","Corporate",19,"Preferred",0.2,"Cash","Mobile App",5.52,21.4,23.4,NA,"Medium","Clear","WEEKEND",6000,380000,22000,"4.4","5","1",NA,"2",6,"Sunday","Weekend","Morning",15.4766355140187,FALSE,5.52
"GB2025002437",2025-09-12 12:00:00,"Can Tho","GrabMart","Corporate",54,"High Performer",3,"Cash","Mobile App",3.55,19.3,19,6.6,"Medium",NA,"None",0,4e+05,37000,"4.6","5","1",NA,"3",12,"Friday","Weekday","Lunch",11.0362694300518,FALSE,3.55
"GB2025002438",2025-08-24 06:35:00,"Hanoi","GrabFood","Family",42,"New",0.1,"Moca Wallet","Mobile App",1,6.4,8.2,8.8,"Severe","Cloudy","None",0,131000,11000,"4.2","3.5","1",NA,"1",6,"Sunday","Weekend","Morning",9.375,FALSE,1
"GB2025002446",2025-08-06 11:35:00,"Hai Phong","GrabFood","Frequent User",48,"High Performer",11.2,"Moca Wallet","Mobile App",3.14,18.9,19.5,12.1,"High","Clear","WELCOME",2000,143000,12000,NA,"4.4","1",NA,"1",11,"Wednesday","Weekday","Lunch",9.96825396825397,FALSE,3.14
"GB2025002449",2025-06-02 08:31:00,"Can Tho","GrabMart","Corporate",39,"Preferred",5.2,"Moca Wallet","Mobile App",2.19,15.8,15.1,10.5,"Severe","Clear","LOYALTY",6000,52000,7000,"4.6","4.3","1",NA,"0",8,"Monday","Weekday","Morning",8.31645569620253,FALSE,2.19
"GB2025002452",2025-09-28 19:25:00,"Hanoi","GrabFood","Tourist",46,"Standard",0.8,"Card","Partner App",3.49,13.4,17.7,2.4,"Medium","Cloudy","None",0,182000,13000,"4.1","4.6","1",NA,"1",19,"Sunday","Weekend","Evening",15.6268656716418,FALSE,3.49
"GB2025002455",2025-09-26 13:23:00,"Can Tho","GrabFood","Tourist",53,"New",4.4,"Cash","Mobile App",4.25,16.5,16.3,10.1,"Severe","Clear","LOYALTY",7000,224000,9000,"4.5","4.9","1",NA,"0",13,"Friday","Weekday","Lunch",15.4545454545455,FALSE,4.25
"GB2025002458",2025-11-25 20:31:00,"Hanoi","GrabFood","Corporate",NA,"New",2.3,"Moca Wallet","Partner App",3.69,14.2,14.1,7.9,"Low","Heavy Rain","WEEKEND",5000,332000,22000,"4.5","4.0","1",NA,"2",20,"Tuesday","Weekday","Evening",15.5915492957746,FALSE,3.69
"GB2025002459",2025-06-06 06:30:00,"Ho Chi Minh City","GrabFood","Frequent User",44,"Standard",1.6,"Cash","Mobile App",2.85,15.3,15.9,13.9,"High","Heavy Rain","None",0,363000,36000,"4.6","4.6","1",NA,"3",6,"Friday","Weekday","Morning",11.1764705882353,FALSE,2.85
"GB2025002460",2025-09-14 07:12:00,"Ho Chi Minh City","GrabFood","Corporate",41,"High Performer",2.9,"Moca Wallet","Mobile App",3.08,10.5,12.2,3.1,"High","Rain","FOOD20",3000,242000,17000,"4.5","5","1",NA,"1",7,"Sunday","Weekend","Morning",17.6,FALSE,3.08
"GB2025002461",2025-06-25 22:01:00,"Hanoi","GrabFood","Working Professional",62,"Preferred",2.4,"Moca Wallet","Mobile App",6.73,30.9,35.4,5.8,"Low","Clear","WEEKEND",6000,336000,20000,"4.6","4.1","1",NA,"2",22,"Wednesday","Weekday","Night",13.0679611650485,FALSE,6.73
"GB2025002478",2025-12-16 16:12:00,"Da Nang","GrabFood","Tourist",29,"Preferred",4.6,"Card","Mobile App",0.86,3.8,4.3,7.2,"Medium","Cloudy","LOYALTY",3000,55000,5000,"4.6","4.8","1",NA,"0",16,"Tuesday","Weekday","Afternoon",13.5789473684211,FALSE,0.86
"GB2025002482",2025-05-22 11:02:00,"Hanoi","GrabMart","Corporate",58,"Standard",2.2,"Cash","Mobile App",NA,14.9,19.3,11.1,"High","Cloudy","None",0,115000,16000,"4.6","4.3","1",NA,"1",11,"Thursday","Weekday","Lunch",NA,NA,NA
"GB2025002486",2025-04-02 17:06:00,"Ho Chi Minh City","GrabFood","Tourist",48,"High Performer",4.5,"Card","Mobile App",1.03,3.4,3.8,2.7,NA,"Clear","None",0,72000,9000,"4.7","4.9","1",NA,"0",17,"Wednesday","Weekday","Evening",18.1764705882353,FALSE,1.03
"GB2025002489",2025-07-23 18:57:00,"Ho Chi Minh City","GrabFood","Family",58,"High Performer",3.1,"Corporate Account","Partner App",3.31,15.5,14.8,4.2,"Medium","Cloudy","None",0,349000,16000,"5.0","4.9","1",NA,"1",18,"Wednesday","Weekday","Evening",12.8129032258065,FALSE,3.31
"GB2025002495",2025-10-03 04:29:00,"Hanoi","GrabMart","Tourist",28,"Standard",1.2,"Cash","Mobile App",2.72,10.1,10.8,2.3,"Medium","Clear","None",0,304000,14000,NA,NA,"0","Long wait time","0",4,"Friday","Weekday","Early Morning",16.1584158415842,FALSE,2.72
"GB2025002498",2025-10-19 14:45:00,"Ho Chi Minh City","GrabFood","Student",32,"Standard",2.6,"Card","Mobile App",1.06,3.5,4.7,8.3,"Medium","Clear","None",0,416000,30000,"4.9","4.7","1",NA,"3",14,"Sunday","Weekend","Afternoon",18.1714285714286,FALSE,1.06
"GB2025002499",2025-06-18 17:27:00,"Nha Trang","GrabFood","Frequent User",39,"High Performer",3.2,"Card","Mobile App",3.09,16.2,17.6,11.6,"Medium","Rain","RIDE10",5000,304000,28000,"4.5","5","1",NA,"2",17,"Wednesday","Weekday","Evening",11.4444444444444,FALSE,3.09
"GB2025002500",2025-12-02 07:39:00,"Hai Phong","GrabFood","Student",60,"Preferred",5.2,"Moca Wallet","Mobile App",1.24,3.5,NA,5.3,"Low","Clear","None",0,98000,10000,"4.1","3.5","1",NA,"1",7,"Tuesday","Weekday","Morning",21.2571428571429,FALSE,1.24
"GB2025002508",2025-09-19 23:29:00,"Nha Trang","GrabFood","Family",50,"Standard",1.6,"Card","Partner App",2.83,9.1,11,11,"Medium","Rain","None",0,245000,26000,"4.3","4.9","1",NA,"2",23,"Friday","Weekday","Night",18.6593406593407,FALSE,2.83
"GB2025002513",2025-08-29 20:09:00,"Hanoi","GrabFood","Tourist",NA,"New",5.2,"Moca Wallet","Mobile App",1.26,4.5,5.5,4.3,"High","Clear","None",0,270000,14000,"4.1","4.1","1",NA,"1",20,"Friday","Weekday","Evening",16.8,FALSE,1.26
"GB2025002514",2025-11-27 14:51:00,"Ho Chi Minh City","GrabFood","Tourist",33,"High Performer",3.4,"Moca Wallet","Mobile App",5.71,17.3,18.3,2.4,"Medium","Clear","LOYALTY",2000,132000,20000,"4.8","4.9","1",NA,"2",14,"Thursday","Weekday","Afternoon",19.8034682080925,FALSE,5.71
"GB2025002523",2025-07-21 07:44:00,"Da Nang","GrabMart","Corporate",55,"New",0.5,"Cash","Mobile App",114.66,4.1,4.5,NA,"Medium","Clear","RIDE10",1000,335000,29000,"4.8","4.4","1",NA,"2",7,"Monday","Weekday","Morning",1677.9512195122,TRUE,NA
"GB2025002527",2025-11-20 03:17:00,"Ho Chi Minh City","GrabFood","Family",36,"New",1.7,"Cash","Mobile App",5.21,18.8,18.4,6.1,"Low","Clear","None",0,239000,16000,"4.0","5","1",NA,"1",3,"Thursday","Weekday","Early Morning",16.6276595744681,FALSE,5.21
"GB2025002529",2025-12-27 22:38:00,"Hanoi","GrabFood","Frequent User",26,"High Performer",4.2,"Card","Mobile App",2.24,12.9,11.4,NA,"Severe","Clear","WEEKEND",4000,183000,18000,"4.2","3.9","1",NA,"1",22,"Saturday","Weekend","Night",10.4186046511628,FALSE,2.24
"GB2025002533",2025-04-22 11:22:00,"Hanoi","GrabFood","Frequent User",40,"High Performer",2.8,"Cash","Mobile App",3.38,17.8,NA,11.1,"High","Cloudy","None",0,331000,35000,"4.7","4.5","1",NA,"3",11,"Tuesday","Weekday","Lunch",11.3932584269663,FALSE,3.38
"GB2025002534",2025-07-29 16:28:00,"Nha Trang","GrabFood","Family",37,"Standard",2.9,"Cash","Mobile App",4.24,19.7,24.6,11.2,"Medium","Rain","None",0,418000,25000,"4.7","4.7","1",NA,"2",16,"Tuesday","Weekday","Afternoon",12.9137055837563,FALSE,4.24
"GB2025002544",2025-10-11 00:04:00,"Hanoi","GrabFood","Tourist",30,"High Performer",0.7,"Moca Wallet","Mobile App",2.02,6.7,7.8,6,"Medium","Cloudy","None",0,284000,21000,"4.6","5","1",NA,"2",0,"Saturday","Weekend","Early Morning",18.089552238806,FALSE,2.02
"GB2025002549",2025-05-17 15:44:00,"Hanoi","GrabFood","Corporate",29,"Preferred",3,"Card","Mobile App",2.88,12,14.4,5.6,"Medium","Clear","None",0,71000,13000,"4.8","5","1",NA,"1",15,"Saturday","Weekend","Afternoon",14.4,FALSE,2.88
"GB2025002550",2025-09-06 17:09:00,"Hanoi","GrabFood","Working Professional",56,"New",0.3,"Card","Mobile App",1.39,7.5,NA,7.2,"High","Clear","WEEKEND",1000,210000,18000,"4.4","4.6","1",NA,"1",17,"Saturday","Weekend","Evening",11.12,FALSE,1.39
"GB2025002556",2025-03-08 22:16:00,"Ho Chi Minh City","GrabFood","Student",NA,"High Performer",2.2,"Moca Wallet","Mobile App",3.21,11.3,12.5,7.7,"Low","Cloudy","None",0,424000,27000,"4.4","4.8","1",NA,"2",22,"Saturday","Weekend","Night",17.0442477876106,FALSE,3.21
"GB2025002557",2025-04-27 23:40:00,"Hanoi","GrabFood","Corporate",39,"New",1.3,"Card","Mobile App",0.65,2.6,2.7,6.6,"Low","Clear","FOOD20",2000,174000,7000,"4.8","4.7","1",NA,"0",23,"Sunday","Weekend","Night",15,FALSE,0.65
"GB2025002558",2025-02-06 16:17:00,"Ho Chi Minh City","GrabMart","Family",38,"Preferred",1.9,"Cash","Mobile App",7.79,38.2,45.5,6.9,"Medium","Cloudy","None",0,326000,30000,NA,NA,"0","Driver unavailable","0",16,"Thursday","Weekday","Afternoon",12.2356020942408,FALSE,7.79
"GB2025002560",2025-10-04 18:02:00,"Ho Chi Minh City","GrabFood","Tourist",25,"Preferred",6.7,"Card","Mobile App",3.21,18.7,22,4.1,"High","Clear","None",0,130000,14000,"3.9","4.5","1",NA,"1",18,"Saturday","Weekend","Evening",10.2994652406417,FALSE,3.21
"GB2025002561",2025-09-12 20:24:00,"Hanoi","GrabFood","Student",22,"High Performer",1,"Corporate Account","Mobile App",6.2,30.7,38.5,1.9,"High",NA,"RIDE10",4000,54000,10000,"4.6","4.5","1",NA,"1",20,"Friday","Weekday","Evening",12.1172638436482,FALSE,6.2
"GB2025002565",2025-04-20 06:28:00,"Ho Chi Minh City","GrabFood","Corporate",NA,"New",6.8,"Corporate Account","Mobile App",2.67,7.1,6.7,4.3,"Medium","Rain","WELCOME",2000,449000,13000,"3.9","4.9","1",NA,"1",6,"Sunday","Weekend","Morning",22.5633802816901,FALSE,2.67
"GB2025002569",2025-04-02 11:19:00,"Bien Hoa","GrabFood","Family",49,"High Performer",0.5,"Card","Mobile App",4.96,15.8,21,7.8,"Low","Clear","None",0,405000,34000,"5","5.0","1",NA,"3",11,"Wednesday","Weekday","Lunch",18.8354430379747,FALSE,4.96
"GB2025002574",2025-07-08 10:27:00,"Ho Chi Minh City","GrabMart","Working Professional",50,"New",0.9,"Card","Mobile App",2.84,11.6,10.8,9.9,"High","Cloudy","RIDE10",2000,289000,NA,"4.6","4.1","1",NA,"1",10,"Tuesday","Weekday","Morning",14.6896551724138,FALSE,2.84
"GB2025002577",2025-11-18 23:51:00,"Can Tho","GrabMart","Student",57,"Preferred",3.2,"Cash","Mobile App",5.11,16.5,18.7,5.1,"Medium","Cloudy","None",0,231000,27000,"4.5","5.0","1",NA,"2",23,"Tuesday","Weekday","Night",18.5818181818182,FALSE,5.11
"GB2025002578",2025-03-09 02:47:00,"Ho Chi Minh City","GrabFood","Frequent User",30,"High Performer",5,"Card","Mobile App",6.86,34.6,40.6,3.8,"Medium","Clear","None",0,372000,31000,"4.9","4.3","1",NA,"3",2,"Sunday","Weekend","Early Morning",11.8959537572254,FALSE,6.86
"GB2025002584",2025-07-01 10:17:00,"Da Nang","GrabMart","Working Professional",27,"Preferred",1.3,"Card","Mobile App",8.16,37.5,33.3,3.4,"Low","Cloudy","None",0,145000,29000,"4.8","4.0","1",NA,"2",10,"Tuesday","Weekday","Morning",13.056,FALSE,8.16
"GB2025002590",2025-12-13 21:45:00,"Bien Hoa","GrabFood","Family",41,"Preferred",6.4,"Corporate Account","Mobile App",NA,8.3,10.9,1.8,"Low","Cloudy","None",0,433000,33000,NA,"4.7","1",NA,"3",21,"Saturday","Weekend","Night",NA,NA,NA
"GB2025002596",2025-09-30 12:47:00,"Da Nang","GrabFood","Working Professional",50,"Preferred",1.2,"Cash","Mobile App",3.7,17.7,18.8,6.1,"Low","Cloudy","LOYALTY",2000,259000,13000,"4.9","3.8","1",NA,"1",12,"Tuesday","Weekday","Lunch",12.5423728813559,FALSE,3.7
"GB2025002598",2025-06-09 05:30:00,"Da Nang","GrabMart","Corporate",49,"Preferred",5,"Card","Mobile App",5.57,18.2,17.2,1.9,"Low","Clear","WELCOME",7000,125000,5000,"4.3","4.9","1",NA,"0",5,"Monday","Weekday","Early Morning",18.3626373626374,FALSE,5.57
"GB2025002600",2025-05-17 00:51:00,"Ho Chi Minh City","GrabFood","Family",23,"Standard",1.8,"Moca Wallet","Mobile App",2.29,14.2,16,2.7,"High","Clear","RIDE10",6000,203000,15000,"4.4","4.6","1",NA,"1",0,"Saturday","Weekend","Early Morning",9.67605633802817,FALSE,2.29
"GB2025002601",2025-07-29 12:17:00,"Ho Chi Minh City","GrabFood","Frequent User",47,"Preferred",5.6,"Card","Mobile App",4.24,21.5,20.1,1.4,"Medium","Cloudy","RIDE10",7000,401000,15000,"4.7","4.4","1",NA,"1",12,"Tuesday","Weekday","Lunch",11.8325581395349,FALSE,4.24
"GB2025002602",2025-12-19 18:08:00,"Can Tho","GrabFood","Tourist",26,"Preferred",2.2,"Cash","Mobile App",1.3,4.3,4.3,4.3,"Low","Clear","WELCOME",2000,199000,13000,"4.4","4.9","1",NA,"1",18,"Friday","Weekday","Evening",18.1395348837209,FALSE,1.3
"GB2025002608",2025-09-08 17:32:00,"Hanoi","GrabMart","Family",58,"High Performer",4.9,"Cash","Mobile App",1.79,7.1,7.5,8,"Medium","Cloudy","None",0,340000,34000,"4.5","5","1",NA,"3",17,"Monday","Weekday","Evening",15.1267605633803,FALSE,1.79
"GB2025002609",2025-08-02 16:53:00,"Ho Chi Minh City","GrabMart","Family",49,"Standard",5.2,"Moca Wallet","Mobile App",1.25,6.6,8,7,"Medium","Clear","RIDE10",1000,164000,9000,"4.7","4.4","1",NA,"0",16,"Saturday","Weekend","Afternoon",11.3636363636364,FALSE,1.25
"GB2025002613",2025-12-13 20:11:00,"Nha Trang","GrabFood","Corporate",36,"New",1.7,"Corporate Account","Mobile App",3.97,13.5,18,4.9,"Medium","Clear","None",0,179000,21000,"4.3","4.7","1",NA,"2",20,"Saturday","Weekend","Evening",17.6444444444444,FALSE,3.97
"GB2025002614",2025-07-01 10:09:00,"Da Nang","GrabMart","Student",62,"Preferred",0.4,"Cash","Mobile App",2.96,11.2,12.4,7.2,"Low","Cloudy","None",0,128000,14000,"3.9","4.0","1",NA,"1",10,"Tuesday","Weekday","Morning",15.8571428571429,FALSE,2.96
"GB2025002615",2025-10-20 05:23:00,"Can Tho","GrabFood","Corporate",33,"New",2.4,"Cash","Mobile App",8.51,27.5,33.9,8.4,"Low","Rain","None",0,445000,53000,"4.7","4.8","1",NA,"5",5,"Monday","Weekday","Early Morning",18.5672727272727,FALSE,8.51
"GB2025002616",2025-01-13 20:43:00,"Hanoi","GrabFood","Student",49,"Preferred",2.3,"Cash","Partner App",3.96,20.9,24.2,2,"Medium","Cloudy","WELCOME",7000,131000,7000,"4.6","4.8","1",NA,"0",20,"Monday","Weekday","Evening",11.3684210526316,FALSE,3.96
"GB2025002617",2025-10-28 09:20:00,"Nha Trang","GrabFood","Student",46,"Standard",4.7,"Card","Mobile App",4.1,13.8,17.7,3.7,"High","Cloudy","WEEKEND",5000,209000,15000,"4.2","4.6","1",NA,"1",9,"Tuesday","Weekday","Morning",17.8260869565217,FALSE,4.1
"GB2025002623",2025-11-30 16:34:00,"Hanoi","GrabFood","Student",27,"High Performer",4,"Card","Partner App",0.68,2.9,3.8,4.7,"Medium","Cloudy","WEEKEND",2000,295000,22000,"4.7","4.4","1",NA,"2",16,"Sunday","Weekend","Afternoon",14.0689655172414,FALSE,0.68
"GB2025002626",2025-12-30 10:00:00,"Ho Chi Minh City","GrabMart","Working Professional",40,"Preferred",1.7,"Moca Wallet","Mobile App",2.74,14.7,16.8,3.6,"Medium","Cloudy","None",0,304000,25000,"4.0","4.5","1",NA,"2",10,"Tuesday","Weekday","Morning",11.1836734693878,FALSE,2.74
"GB2025002627",2025-06-06 19:02:00,"Da Nang","GrabFood","Tourist",24,"Preferred",1.6,"Card","Mobile App",9.06,46.7,NA,10,"High","Cloudy","None",0,380000,36000,"4.5","4.1","1",NA,"3",19,"Friday","Weekday","Evening",11.6402569593148,FALSE,9.06
"GB2025002630",2025-07-03 19:49:00,"Ho Chi Minh City","GrabFood","Student",44,"High Performer",2.3,"Cash","Mobile App",1.78,5,4.5,7.1,"Medium","Cloudy","LOYALTY",3000,268000,13000,"4.5","5","1",NA,"1",19,"Thursday","Weekday","Evening",21.36,FALSE,1.78
"GB2025002633",2025-05-28 03:02:00,"Ho Chi Minh City","GrabFood","Student",37,"High Performer",2.7,"Cash","Mobile App",1.65,7.6,10,4,"Low","Clear","LOYALTY",1000,396000,12000,"5","4.0","1",NA,"1",3,"Wednesday","Weekday","Early Morning",13.0263157894737,FALSE,1.65
"GB2025002634",2025-10-09 13:52:00,"Da Nang","GrabFood","Corporate",18,"Preferred",5,"Moca Wallet","Mobile App",4.76,13.6,13,7.6,"Low","Clear","None",0,252000,23000,"4.1","4.4","1",NA,"2",13,"Thursday","Weekday","Lunch",21,FALSE,4.76
"GB2025002635",2025-11-04 13:37:00,"Da Nang","GrabFood","Student",54,"Standard",4.2,NA,"Mobile App",2.88,7.9,9.7,9.6,"Medium","Cloudy","None",0,118000,11000,"4.5","4.3","1",NA,"1",13,"Tuesday","Weekday","Lunch",21.873417721519,FALSE,2.88
"GB2025002641",2025-07-08 17:42:00,"Da Nang","GrabFood","Student",55,"Standard",3.7,"Cash","Mobile App",2.23,13.7,13.8,3.7,"High","Rain",NA,0,384000,21000,"4.2","4.3","1",NA,"2",17,"Tuesday","Weekday","Evening",9.76642335766423,FALSE,2.23
"GB2025002647",2025-12-21 07:18:00,"Bien Hoa","GrabFood","Student",27,"Standard",2,"Card","Mobile App",5.88,34.7,37.3,15.8,"Severe","Cloudy","None",0,150000,17000,"4.4","5","1",NA,"1",7,"Sunday","Weekend","Morning",10.1671469740634,FALSE,5.88
"GB2025002652",2025-07-29 08:04:00,"Hai Phong","GrabFood","Working Professional",20,"Preferred",4.3,"Card","Mobile App",3.97,20.7,24.9,9,"Medium","Clear","None",0,1e+05,19000,"4.1","4.2","1",NA,"1",8,"Tuesday","Weekday","Morning",11.5072463768116,FALSE,3.97
"GB2025002656",2025-12-07 04:22:00,"Hai Phong","GrabFood","Family",48,"Preferred",1.1,"Card","Mobile App",4.55,25.9,27.5,3.6,"Severe","Rain","RIDE10",3000,72000,17000,"3.7","3.9","1",NA,"1",4,"Sunday","Weekend","Early Morning",10.5405405405405,FALSE,4.55
"GB2025002658",2025-02-22 20:46:00,"Hanoi","GrabFood","Frequent User",51,"Standard",5.9,NA,"Mobile App",2.16,10.3,11.4,3.7,"Low","Rain","None",0,371000,32000,"4.7","4.3","1",NA,"3",20,"Saturday","Weekend","Evening",12.5825242718447,FALSE,2.16
"GB2025002659",2025-03-06 20:06:00,"Ho Chi Minh City","GrabFood","Tourist",41,"New",2,"Moca Wallet","Mobile App",5.85,26.7,23.1,1.1,"Low",NA,"None",0,178000,15000,"4.9","4.8","1",NA,"1",20,"Thursday","Weekday","Evening",13.1460674157303,FALSE,5.85
"GB2025002667",2025-05-31 11:28:00,"Ho Chi Minh City","GrabFood","Tourist",37,"New",0.4,"Cash","Mobile App",NA,21,23.2,5.6,"High","Cloudy","None",0,150000,19000,"4.8","4.9","1",NA,"1",11,"Saturday","Weekend","Lunch",NA,NA,NA
"GB2025002670",2025-01-22 22:26:00,"Nha Trang","GrabFood","Corporate",36,"New",14.9,"Corporate Account","Mobile App",2.13,5.3,7,4.2,"Low","Clear","RIDE10",3000,252000,15000,"4.5","5.0","1",NA,"1",22,"Wednesday","Weekday","Night",24.1132075471698,FALSE,2.13
"GB2025002675",2025-12-29 08:41:00,"Ho Chi Minh City","GrabMart","Frequent User",45,"High Performer",2,"Moca Wallet","Mobile App",3.26,8.6,9.9,NA,"Medium","Clear","None",0,278000,27000,"4.7","3.4","1",NA,"2",8,"Monday","Weekday","Morning",22.7441860465116,FALSE,3.26
"GB2025002679",2025-12-08 20:13:00,"Hanoi","GrabFood","Tourist",50,"Standard",4.8,"Moca Wallet","Mobile App",NA,13.9,17.4,9.3,"High","Clear","WELCOME",5000,116000,8000,"4.7","3.6","1",NA,"0",20,"Monday","Weekday","Evening",NA,NA,NA
"GB2025002684",2025-01-01 23:37:00,"Hanoi","GrabFood","Student",36,"High Performer",2.6,"Card","Partner App",2.63,9.9,12.3,1.8,"Medium","Rain","None",0,162000,19000,"4.5","4.0","1",NA,"1",23,"Wednesday","Weekday","Night",15.9393939393939,FALSE,2.63
"GB2025002685",2025-08-31 17:16:00,"Can Tho","GrabFood","Family",61,"New",1.6,"Cash","Mobile App",1.04,5,6.3,2,"Low","Clear","RIDE10",1000,60000,8000,"4.6","3.8","1",NA,"0",17,"Sunday","Weekend","Evening",12.48,FALSE,1.04
"GB2025002686",2025-03-20 20:09:00,"Ho Chi Minh City","GrabMart","Frequent User",60,"Preferred",3.1,"Card","Mobile App",2.23,6.1,6.7,8.7,"Medium",NA,"None",0,263000,28000,"4.9","4.5","1",NA,"2",20,"Thursday","Weekday","Evening",21.9344262295082,FALSE,2.23
"GB2025002687",2025-04-09 16:55:00,"Ho Chi Minh City","GrabFood","Corporate",29,"Preferred",0.7,"Cash","Mobile App",10.22,34.7,40.5,5.9,"High","Clear","None",0,178000,25000,"4.8","4.9","1",NA,"2",16,"Wednesday","Weekday","Afternoon",17.671469740634,FALSE,10.22
"GB2025002688",2025-01-02 01:51:00,"Can Tho","GrabFood","Working Professional",58,"Standard",4.1,"Card","Mobile App",4.81,22.9,30,4.5,"Low","Rain","None",0,179000,16000,"5.0","4.4","1",NA,"1",1,"Thursday","Weekday","Early Morning",12.6026200873362,FALSE,4.81
"GB2025002692",2025-08-08 12:25:00,"Hanoi","GrabFood","Frequent User",36,"New",3,"Corporate Account","Mobile App",3.44,16.2,20.5,9.6,"Low","Heavy Rain","RIDE10",2000,242000,19000,"4.6","4.3","1",NA,"1",12,"Friday","Weekday","Lunch",12.7407407407407,FALSE,3.44
"GB2025002693",2025-02-12 13:30:00,"Ho Chi Minh City","GrabFood","Working Professional",41,"Standard",3.8,"Cash","Mobile App",2.44,10.9,13.8,5.9,"Low","Cloudy","None",0,411000,31000,"4.3","3.8","1",NA,"3",13,"Wednesday","Weekday","Lunch",13.4311926605505,FALSE,2.44
"GB2025002695",2025-06-09 01:17:00,"Hanoi","GrabFood","Family",49,"High Performer",3.2,"Cash","Mobile App",1.9,8.8,11.1,16.5,"High","Heavy Rain","None",0,95000,12000,"5","3.9","1",NA,"1",1,"Monday","Weekday","Early Morning",12.9545454545455,FALSE,1.9
"GB2025002696",2025-06-14 18:52:00,"Ho Chi Minh City","GrabFood","Corporate",51,"Standard",3.2,"Moca Wallet","Mobile App",3.65,13.9,15.6,3.2,"High","Cloudy","None",0,230000,20000,"4.8","4.7","1",NA,"2",18,"Saturday","Weekend","Evening",15.7553956834532,FALSE,3.65
"GB2025002697",2025-04-01 11:02:00,"Da Nang","GrabFood","Tourist",37,"Preferred",1.2,"Cash","Mobile App",2.94,16.7,16.2,2.9,"High","Clear","None",0,232000,22000,"4.6","3.8","1",NA,"2",11,"Tuesday","Weekday","Lunch",10.562874251497,FALSE,2.94
"GB2025002698",2025-08-01 03:31:00,"Hanoi","GrabFood","Student",40,"Preferred",3.1,"Cash","Mobile App",3.5,18.1,22.2,6.8,"Medium","Cloudy","None",0,215000,24000,"4.7","4.0","1",NA,"2",3,"Friday","Weekday","Early Morning",11.6022099447514,FALSE,3.5
"GB2025002704",2025-03-08 22:40:00,"Ho Chi Minh City","GrabMart","Student",54,"New",0.9,"Cash","Mobile App",50.3,8,9.8,8.6,"Medium","Cloudy","None",0,58000,9000,"4.2","4.2","1",NA,"0",22,"Saturday","Weekend","Night",377.25,TRUE,NA
"GB2025002706",2025-03-06 03:38:00,"Can Tho","GrabFood","Frequent User",38,"Standard",2.2,"Cash","Mobile App",3.68,15.5,18.2,7.7,"Low","Clear","LOYALTY",2000,131000,16000,"4.8","4.7","1",NA,"1",3,"Thursday","Weekday","Early Morning",14.2451612903226,FALSE,3.68
"GB2025002710",2025-08-15 14:25:00,"Hanoi","GrabFood","Student",50,"Standard",2.2,"Cash","Mobile App",4.05,18.6,18.5,3.5,"Low","Clear","None",0,260000,24000,NA,NA,"0","Driver unavailable","0",14,"Friday","Weekday","Afternoon",13.0645161290323,FALSE,4.05
"GB2025002711",2025-12-14 23:20:00,"Ho Chi Minh City","GrabFood","Family",61,"Standard",1.3,"Cash","Mobile App",2.27,5.2,4.4,2.6,"Low","Clear","FOOD20",3000,234000,22000,"4.7","4.0","1",NA,"2",23,"Sunday","Weekend","Night",26.1923076923077,FALSE,2.27
"GB2025002713",2025-05-02 21:30:00,"Hanoi","GrabFood","Family",59,"High Performer",2.2,"Moca Wallet","Mobile App",1.82,7.9,9.2,4.5,"Medium","Clear","None",0,137000,13000,"3.9","4.6","1",NA,"1",21,"Friday","Weekday","Night",13.8227848101266,FALSE,1.82
"GB2025002716",2025-04-20 18:23:00,"Hanoi","GrabMart","Frequent User",42,"High Performer",2.5,"Cash","Partner App",4.27,27.7,32.9,6.3,"High","Rain","None",0,352000,28000,"4.4","3.7","1",NA,"2",18,"Sunday","Weekend","Evening",9.24909747292419,FALSE,4.27
"GB2025002717",2025-03-27 06:33:00,"Ho Chi Minh City","GrabFood","Corporate",55,"High Performer",2,"Card","Mobile App",4.45,14.8,13.3,7.4,"Low","Cloudy","WELCOME",5000,386000,35000,NA,NA,"0","Driver unavailable","0",6,"Thursday","Weekday","Morning",18.0405405405405,FALSE,4.45
"GB2025002726",2025-06-17 01:23:00,"Can Tho","GrabFood","Family",48,"High Performer",1.3,"Moca Wallet","Mobile App",5.11,23.5,30.3,2.7,"Low","Cloudy","None",0,385000,27000,"4.6","4.4","1",NA,"2",1,"Tuesday","Weekday","Early Morning",13.0468085106383,FALSE,5.11
"GB2025002727",2025-08-19 01:35:00,"Hanoi","GrabFood","Frequent User",22,"New",0.7,"Card","Mobile App",82.98,6.3,6.8,4.2,"Low","Cloudy","WEEKEND",2000,118000,10000,"4.6","4.2","1",NA,"1",1,"Tuesday","Weekday","Early Morning",790.285714285714,TRUE,NA
"GB2025002728",2025-09-14 21:04:00,"Ho Chi Minh City","GrabFood","Frequent User",27,"High Performer",5.8,"Card","Mobile App",6.4,21.4,24.1,5.5,"High","Cloudy","WELCOME",9000,342000,25000,"4.1","4.6","1",NA,"2",21,"Sunday","Weekend","Night",17.9439252336449,FALSE,6.4
"GB2025002730",2025-02-26 14:14:00,"Hai Phong","GrabFood","Corporate",45,"Preferred",0.9,"Corporate Account","Mobile App",3.43,13.3,13.6,6.8,"Medium","Clear","WELCOME",2000,167000,15000,"4.8","4.4","1",NA,"1",14,"Wednesday","Weekday","Afternoon",15.4736842105263,FALSE,3.43
"GB2025002735",2025-05-06 01:50:00,"Hanoi","GrabMart","Student",40,"High Performer",0.9,NA,"Mobile App",3.77,19.6,25.7,12,"Severe","Clear","None",0,59000,13000,"3.5","4.9","1",NA,"1",1,"Tuesday","Weekday","Early Morning",11.5408163265306,FALSE,3.77
"GB2025002736",2025-12-26 20:48:00,"Ho Chi Minh City","GrabFood","Tourist",34,"High Performer",5.6,"Moca Wallet","Mobile App",2.15,8.5,10.6,15.3,NA,"Rain","None",0,130000,11000,"4.1","4.6","1",NA,"1",20,"Friday","Weekday","Evening",15.1764705882353,FALSE,2.15
"GB2025002741",2025-10-06 15:54:00,"Da Nang","GrabFood","Family",32,"Preferred",0.6,"Cash","Mobile App",1.76,6.6,6.9,5.4,"Low",NA,"None",0,412000,21000,"4.7","5","1",NA,"2",15,"Monday","Weekday","Afternoon",16,FALSE,1.76
"GB2025002742",2025-12-04 08:37:00,"Can Tho","GrabFood","Tourist",50,"Standard",3.1,"Card","Mobile App",1.01,5.5,6.1,8.5,"High","Clear","None",0,286000,20000,NA,NA,"0","Payment issue","0",8,"Thursday","Weekday","Morning",11.0181818181818,FALSE,1.01
"GB2025002746",2025-08-07 06:54:00,"Bien Hoa","GrabFood","Corporate",37,"New",3,"Cash","Mobile App",4.86,14.1,13.7,1.9,"Medium","Cloudy","None",0,409000,22000,"4.5","4.4","1",NA,"2",6,"Thursday","Weekday","Morning",20.6808510638298,FALSE,4.86
"GB2025002750",2025-10-12 06:43:00,"Da Nang","GrabFood","Frequent User",53,"Preferred",1.5,"Cash","Mobile App",1.63,5.8,7.3,4.9,"Low",NA,"None",0,238000,24000,"4.7","5","1",NA,"2",6,"Sunday","Weekend","Morning",16.8620689655172,FALSE,1.63
"GB2025002755",2025-02-05 18:37:00,"Ho Chi Minh City","GrabFood","Corporate",38,"Preferred",4.9,"Cash","Mobile App",5.57,29.3,36.7,10.4,"High","Clear","LOYALTY",4000,336000,15000,"5","4.1","1",NA,"1",18,"Wednesday","Weekday","Evening",11.4061433447099,FALSE,5.57
"GB2025002757",2025-03-08 23:23:00,"Hanoi","GrabFood","Tourist",41,"Preferred",2.3,"Cash","Mobile App",3.34,10.9,13.3,7.6,"Medium","Clear","FOOD20",4000,64000,8000,"4.7","4.7","1",NA,"0",23,"Saturday","Weekend","Night",18.3853211009174,FALSE,3.34
"GB2025002760",2025-06-19 03:40:00,"Hai Phong","GrabFood","Family",29,"Preferred",3.3,"Cash","Mobile App",1.6,9,10.4,4.4,"High","Rain","None",0,211000,10000,"4.9","4.7","1",NA,"1",3,"Thursday","Weekday","Early Morning",10.6666666666667,FALSE,1.6
"GB2025002766",2025-03-04 11:13:00,"Ho Chi Minh City","GrabMart","Corporate",26,"Standard",0.7,"Moca Wallet","Mobile App",1.76,8.5,8.3,2.6,"Medium","Clear","None",0,402000,29000,"5","4.5","1",NA,"2",11,"Tuesday","Weekday","Lunch",12.4235294117647,FALSE,1.76
"GB2025002768",2025-06-28 14:07:00,"Bien Hoa","GrabFood","Family",31,"High Performer",4.7,"Moca Wallet","Mobile App",1.99,6,8,6,"Low","Cloudy","WEEKEND",4000,192000,9000,"4.0","4.7","1",NA,"0",14,"Saturday","Weekend","Afternoon",19.9,FALSE,1.99
"GB2025002774",2025-05-07 16:40:00,"Da Nang","GrabFood","Family",54,"Standard",0.8,"Card","Mobile App",2.97,14.1,17.7,6.5,NA,"Cloudy","WEEKEND",3000,402000,18000,NA,"4.8","1",NA,"1",16,"Wednesday","Weekday","Afternoon",12.6382978723404,FALSE,2.97
"GB2025002776",2025-01-13 05:34:00,"Hai Phong","GrabFood","Student",49,"Preferred",1.3,"Corporate Account","Mobile App",5.01,13.1,15.3,6.1,"Low","Clear","RIDE10",3000,134000,7000,"4.7","4.9","1",NA,"0",5,"Monday","Weekday","Early Morning",22.9465648854962,FALSE,5.01
"GB2025002779",2025-03-27 17:46:00,"Ho Chi Minh City","GrabMart","Corporate",34,"High Performer",1.9,"Card","Mobile App",6.78,21.7,19.9,11.8,"High","Cloudy","None",0,273000,41000,"5","5","1",NA,"4",17,"Thursday","Weekday","Evening",18.7465437788018,FALSE,6.78
"GB2025002780",2025-04-27 11:20:00,"Ho Chi Minh City","GrabFood","Corporate",23,"Preferred",0.8,"Corporate Account","Mobile App",4.86,21.1,27.7,5.5,"Low","Cloudy","WEEKEND",6000,166000,14000,"4.6","4.4","1",NA,"1",11,"Sunday","Weekend","Lunch",13.8199052132701,FALSE,4.86
"GB2025002786",2025-01-12 13:06:00,"Hue","GrabFood","Tourist",34,"Standard",NA,"Card","Mobile App",1.14,6,5.8,7.2,"High","Clear","None",0,55000,8000,"4.9","4.0","1",NA,"0",13,"Sunday","Weekend","Lunch",11.4,FALSE,1.14
"GB2025002787",2025-03-04 22:24:00,"Ho Chi Minh City","GrabFood","Corporate",53,"New",0.8,"Cash","Mobile App",4.39,18.9,17.2,1.5,"Low","Clear","LOYALTY",6000,243000,14000,"4.3","4.1","1",NA,"1",22,"Tuesday","Weekday","Night",13.9365079365079,FALSE,4.39
"GB2025002789",2025-10-29 20:52:00,"Ho Chi Minh City","GrabFood","Corporate",47,"Preferred",2.2,"Corporate Account","Mobile App",2.07,10.1,10.7,4.1,"Medium","Cloudy","RIDE10",2000,355000,12000,"4.6","5","1",NA,"1",20,"Wednesday","Weekday","Evening",12.2970297029703,FALSE,2.07
"GB2025002792",2025-01-23 10:28:00,"Hanoi","GrabFood","Frequent User",25,"Preferred",0.3,"Cash","Mobile App",2.38,8.1,8.4,5.9,"Medium","Clear","RIDE10",2000,192000,14000,"5.0","5","1",NA,"1",10,"Thursday","Weekday","Morning",17.6296296296296,FALSE,2.38
"GB2025002799",2025-04-07 09:49:00,"Ho Chi Minh City","GrabMart","Working Professional",25,"New",0.6,"Cash","Mobile App",8.95,43.4,58.2,8.8,"Medium","Cloudy","None",0,212000,28000,"4.3","5","1",NA,"2",9,"Monday","Weekday","Morning",12.3732718894009,FALSE,8.95
"GB2025002801",2025-10-07 04:55:00,"Nha Trang","GrabMart","Tourist",22,"New",3.2,"Card","Mobile App",2.91,7,6,1.6,NA,"Clear","None",0,172000,19000,"4.4","4.9","1",NA,"1",4,"Tuesday","Weekday","Early Morning",24.9428571428571,FALSE,2.91
"GB2025002808",2025-04-28 22:41:00,"Ho Chi Minh City","GrabFood","Frequent User",61,"Standard",0.4,"Cash","Mobile App",1.7,4.5,4.2,3.4,"Medium","Clear","RIDE10",2000,231000,11000,"4.3","4.7","1",NA,"1",22,"Monday","Weekday","Night",22.6666666666667,FALSE,1.7
"GB2025002812",2025-05-21 05:18:00,"Ho Chi Minh City","GrabMart","Family",31,"New",3.3,"Moca Wallet","Mobile App",3.27,13.3,17.2,3.6,"Low","Clear","WEEKEND",4000,45000,5000,"4.7","4.4","1",NA,"0",5,"Wednesday","Weekday","Early Morning",14.7518796992481,FALSE,3.27
"GB2025002815",2025-11-24 19:34:00,"Ho Chi Minh City","GrabMart","Student",25,"Standard",1.4,"Card","Mobile App",3.13,9.9,12.3,11.1,"Medium","Rain","LOYALTY",5000,351000,14000,"4.8","3.8","1",NA,"1",19,"Monday","Weekday","Evening",18.969696969697,FALSE,3.13
"GB2025002816",2025-12-06 23:06:00,"Ho Chi Minh City","GrabFood","Frequent User",30,"New",1.8,"Cash","Mobile App",1.44,6.8,8,4.8,"Low","Cloudy","None",0,159000,7000,"4.8","4.1","1",NA,"0",23,"Saturday","Weekend","Night",12.7058823529412,FALSE,1.44
"GB2025002818",2025-01-07 18:05:00,"Ho Chi Minh City","GrabFood","Frequent User",19,"High Performer",0.8,"Moca Wallet","Mobile App",6.37,37.6,39.2,10.8,"High","Cloudy","None",0,426000,28000,"4.8","4.9","1",NA,"2",18,"Tuesday","Weekday","Evening",10.1648936170213,FALSE,6.37
"GB2025002819",2025-09-17 23:55:00,"Ho Chi Minh City","GrabFood","Working Professional",54,"Standard",NA,"Moca Wallet","Mobile App",4.87,18.1,21.8,8.7,"Medium","Clear","None",0,316000,35000,"4.3","3.4","1",NA,"3",23,"Wednesday","Weekday","Night",16.1436464088398,FALSE,4.87
"GB2025002820",2025-11-03 07:05:00,"Hai Phong","GrabFood","Corporate",46,"New",0.8,"Card","Mobile App",2.42,5.5,6.1,7.2,"Low","Clear","None",0,69000,10000,"4.4","4.3","1",NA,"1",7,"Monday","Weekday","Morning",26.4,FALSE,2.42
"GB2025002821",2025-02-18 22:47:00,"Hai Phong","GrabMart","Working Professional",59,"Standard",NA,"Moca Wallet","Mobile App",2.89,16.8,-14.3,5.8,"High","Cloudy","RIDE10",2000,395000,21000,"3.8","4.1","1",NA,"2",22,"Tuesday","Weekday","Night",10.3214285714286,FALSE,2.89
"GB2025002822",2025-07-19 00:45:00,"Hanoi","GrabFood","Frequent User",36,"High Performer",4.5,"Cash","Mobile App",1.45,5.4,5.2,8.2,"High",NA,"MART15",1000,293000,21000,"4.5","5","1",NA,"2",0,"Saturday","Weekend","Early Morning",16.1111111111111,FALSE,1.45
"GB2025002825",2025-05-16 22:18:00,"Can Tho","GrabFood","Student",26,"New",1.6,"Corporate Account","Mobile App",11.28,50.9,50.6,2.4,"Medium",NA,"None",0,347000,32000,"4.5","4.1","1",NA,"3",22,"Friday","Weekday","Night",13.2966601178782,FALSE,11.28
"GB2025002827",2025-08-29 18:01:00,"Ho Chi Minh City","GrabFood","Tourist",36,"Standard",1.5,"Cash","Mobile App",16.96,72.8,77.4,NA,"High","Clear","MART15",9000,59000,39000,"4.3","4.6","1",NA,"3",18,"Friday","Weekday","Evening",13.978021978022,FALSE,16.96
"GB2025002828",2025-09-09 09:50:00,"Bien Hoa","GrabFood","Frequent User",20,"Standard",4.1,"Cash","Mobile App",1.8,4.8,5.3,4.4,"Low","Cloudy","None",0,247000,22000,"4.5","4.1","1",NA,"2",9,"Tuesday","Weekday","Morning",22.5,FALSE,1.8
"GB2025002829",2025-08-18 18:45:00,"Hue","GrabFood","Family",45,"High Performer",3.8,"Card","Mobile App",3.25,19.6,23.9,2.2,"High","Clear","None",0,312000,19000,"4.4","4.3","1",NA,"1",18,"Monday","Weekday","Evening",9.94897959183673,FALSE,3.25
"GB2025002841",2025-11-16 23:01:00,"Ho Chi Minh City","GrabMart","Frequent User",48,"High Performer",3,"Cash","Mobile App",6.46,16,17,1.9,"Low","Cloudy","FOOD20",4000,415000,15000,"5","4.8","1",NA,"1",23,"Sunday","Weekend","Night",24.225,FALSE,6.46
"GB2025002843",2025-03-12 07:07:00,"Ho Chi Minh City","GrabFood","Working Professional",55,"New",1.4,"Cash","Mobile App",2.57,15.6,15.8,12,"High","Clear","FOOD20",2000,404000,25000,"3.7","4.1","1",NA,"2",7,"Wednesday","Weekday","Morning",9.88461538461539,FALSE,2.57
"GB2025002844",2025-12-01 10:13:00,"Hanoi","GrabFood","Student",57,"New",5.5,"Moca Wallet","Mobile App",2.58,9.2,9.6,8.6,"Severe","Clear","None",0,306000,31000,"4.7","3.9","1",NA,"3",10,"Monday","Weekday","Morning",16.8260869565217,FALSE,2.58
"GB2025002846",2025-01-25 19:42:00,"Ho Chi Minh City","GrabFood","Corporate",62,"Preferred",2.1,"Card","Mobile App",2.96,8.6,8.6,7.7,"Medium","Cloudy","None",0,233000,19000,"5","3.2","1",NA,"1",19,"Saturday","Weekend","Evening",20.6511627906977,FALSE,2.96
"GB2025002849",2025-03-14 22:42:00,"Hanoi","GrabMart","Student",58,"New",1.3,"Cash","Mobile App",3.32,16.3,16.5,5.8,"Medium","Clear","None",0,439000,35000,"4.1","3.7","1",NA,"3",22,"Friday","Weekday","Night",12.2208588957055,FALSE,3.32
"GB2025002851",2025-02-09 14:07:00,"Ho Chi Minh City","GrabFood","Frequent User",24,"Standard",1.7,"Moca Wallet","Mobile App",4.07,12.4,12.7,12.9,"Medium","Rain","None",0,46000,12000,"4.5","4.4","1",NA,"1",14,"Sunday","Weekend","Afternoon",19.6935483870968,FALSE,4.07
"GB2025002853",2025-03-27 01:23:00,"Ho Chi Minh City","GrabFood","Corporate",50,"New",3.1,"Card","Mobile App",1.7,3.8,4.4,7.3,"Low","Clear","None",0,213000,20000,"4.2","4.7","1",NA,"2",1,"Thursday","Weekday","Early Morning",26.8421052631579,FALSE,1.7
"GB2025002855",2025-12-19 03:49:00,"Hanoi","GrabMart","Student",26,"High Performer",3.6,"Card","Mobile App",4.6,21.5,21.7,9.4,"Medium","Rain","None",0,101000,17000,"4.5","3.9","1",NA,"1",3,"Friday","Weekday","Early Morning",12.8372093023256,FALSE,4.6
"GB2025002856",2025-04-26 15:35:00,"Ho Chi Minh City","GrabFood","Tourist",51,"Preferred",5,"Moca Wallet","Mobile App",4.41,18.2,20.2,7.5,"Medium","Cloudy","FOOD20",6000,135000,9000,"5","5","1",NA,"0",15,"Saturday","Weekend","Afternoon",14.5384615384615,FALSE,4.41
"GB2025002862",2025-10-20 17:11:00,"Bien Hoa","GrabMart","Frequent User",42,"New",6.5,"Corporate Account","Mobile App",3.03,10.9,11.6,5.5,"Low","Clear","None",0,207000,15000,"4.3","4.0","1",NA,"1",17,"Monday","Weekday","Evening",16.6788990825688,FALSE,3.03
"GB2025002865",2025-08-25 00:40:00,"Hanoi","GrabFood","Frequent User",33,"High Performer",1.3,"Card","Mobile App",NA,22.8,20.4,5.3,"Medium","Rain","None",0,76000,14000,"4.6","5","1",NA,"1",0,"Monday","Weekday","Early Morning",NA,NA,NA
"GB2025002867",2025-11-19 20:31:00,"Ho Chi Minh City","GrabMart","Working Professional",59,"New",2.9,"Card","Mobile App",1.62,3.7,4.6,4.7,"Low","Cloudy",NA,0,238000,14000,"4.5","3.1","1",NA,"1",20,"Wednesday","Weekday","Evening",26.2702702702703,FALSE,1.62
"GB2025002876",2025-05-14 20:59:00,"Ho Chi Minh City","GrabMart","Family",26,"New",0.7,"Cash","Mobile App",2.97,11.3,10.5,7.6,"Medium","Cloudy","None",0,175000,16000,"5","3.8","1",NA,"1",20,"Wednesday","Weekday","Evening",15.7699115044248,FALSE,2.97
"GB2025002877",2025-11-18 19:59:00,"Hanoi","GrabFood","Student",51,"Preferred",5.4,"Card","Mobile App",2.51,10.3,10.8,1.7,"Medium","Rain","FOOD20",3000,372000,28000,NA,NA,"0","Customer changed mind","0",19,"Tuesday","Weekday","Evening",14.621359223301,FALSE,2.51
"GB2025002879",2025-12-29 02:38:00,"Da Nang","GrabFood","Family",57,"Preferred",1.8,"Moca Wallet","Mobile App",7.25,33.4,35.9,14.2,"High","Rain","None",0,192000,21000,"4.6","4.4","1",NA,"2",2,"Monday","Weekday","Early Morning",13.0239520958084,FALSE,7.25
"GB2025002884",2025-10-17 11:37:00,"Ho Chi Minh City","GrabFood","Family",41,"High Performer",4.1,"Moca Wallet","Mobile App",3.35,12.3,15.2,2.7,"Low","Cloudy","None",0,354000,22000,"4.9","5.0","1",NA,"2",11,"Friday","Weekday","Lunch",16.3414634146341,FALSE,3.35
"GB2025002887",2025-07-13 14:12:00,"Nha Trang","GrabFood","Student",39,"Standard",2.4,"Moca Wallet","Mobile App",7.46,28.2,36.1,5.3,"Low","Cloudy","None",0,321000,17000,"4.8",NA,"1",NA,"1",14,"Sunday","Weekend","Afternoon",15.8723404255319,FALSE,7.46
"GB2025002892",2025-10-27 15:50:00,"Ho Chi Minh City","GrabFood","Working Professional",59,"Standard",0.1,"Card","Mobile App",6.17,24.1,28,8.4,"High","Clear","FOOD20",5000,397000,29000,"4.6","4.8","1",NA,"2",15,"Monday","Weekday","Afternoon",15.3609958506224,FALSE,6.17
"GB2025002895",2025-12-16 21:40:00,"Hanoi","GrabMart","Student",55,"Preferred",2.9,"Card","Mobile App",2.12,13.4,11.8,7.5,"High","Cloudy","None",0,255000,26000,"4.6","5","1",NA,"2",21,"Tuesday","Weekday","Night",9.49253731343284,FALSE,2.12
"GB2025002896",2025-12-20 11:57:00,"Ho Chi Minh City","GrabMart","Family",33,"New",1.5,"Moca Wallet","Mobile App",2.07,13,11.9,3.8,"High","Cloudy","FOOD20",2000,238000,17000,"4.6","5","1",NA,"1",11,"Saturday","Weekend","Lunch",9.55384615384615,FALSE,2.07
"GB2025002900",2025-06-09 21:28:00,"Hanoi","GrabFood","Tourist",46,"High Performer",3.3,"Moca Wallet","Mobile App",3.44,15.7,16.4,6,"Low","Cloudy","None",0,372000,28000,"4.6","5","1",NA,"2",21,"Monday","Weekday","Night",13.1464968152866,FALSE,3.44
"GB2025002902",2025-01-22 05:23:00,"Hai Phong","GrabFood","Tourist",59,"New",0.7,"Card","Mobile App",7.05,26.2,33.4,1.3,"Low","Clear","None",0,314000,22000,"4.5","4.3","1",NA,"2",5,"Wednesday","Weekday","Early Morning",16.1450381679389,FALSE,7.05
"GB2025002903",2025-07-22 13:24:00,"Ho Chi Minh City","GrabFood","Family",24,"Preferred",1.2,"Cash","Mobile App",4.22,17.3,22.2,9,"Medium","Rain","MART15",4000,336000,29000,"4.9","4.4","1",NA,"2",13,"Tuesday","Weekday","Lunch",14.635838150289,FALSE,4.22
"GB2025002904",2025-06-30 13:43:00,"Hanoi","GrabMart","Frequent User",32,"Preferred",5.6,"Cash","Mobile App",2.94,13.7,17.6,8.6,"Medium","Clear","None",0,107000,12000,"5","4.6","1",NA,"1",13,"Monday","Weekday","Lunch",12.8759124087591,FALSE,2.94
"GB2025002906",2025-11-03 18:20:00,"Da Nang","GrabFood","Corporate",60,"Standard",2.1,"Cash","Mobile App",2.57,8.5,8.3,8.7,"High","Clear","FOOD20",3000,146000,NA,"4.3","4.3","1",NA,"1",18,"Monday","Weekday","Evening",18.1411764705882,FALSE,2.57
"GB2025002907",2025-04-24 09:30:00,"Hanoi","GrabFood","Student",50,"High Performer",3.1,"Moca Wallet","Mobile App",3.26,17.9,22.1,4.7,"Medium","Cloudy","None",0,185000,21000,"4.7","5","1",NA,"2",9,"Thursday","Weekday","Morning",10.927374301676,FALSE,3.26
"GB2025002910",2025-08-02 07:57:00,"Ho Chi Minh City","GrabMart","Tourist",21,"Standard",0.9,"Cash","Mobile App",1.68,7.4,7.3,13.7,"Severe","Cloudy","None",0,114000,16000,NA,NA,"1",NA,"1",7,"Saturday","Weekend","Morning",13.6216216216216,FALSE,1.68
"GB2025002912",2025-01-24 19:37:00,"Hai Phong","GrabFood","Tourist",46,"Standard",0.6,"Moca Wallet","Mobile App",2.23,10,11.4,10.3,"Severe","Rain","None",0,65000,12000,"4.1","4.4","1",NA,"1",19,"Friday","Weekday","Evening",13.38,FALSE,2.23
"GB2025002915",2025-03-17 21:52:00,"Can Tho","GrabMart","Working Professional",28,"Preferred",1.5,"Card","Mobile App",3.38,13.7,13.3,11.9,"High","Clear","None",0,378000,25000,NA,"3.6","1",NA,"2",21,"Monday","Weekday","Night",14.8029197080292,FALSE,3.38
"GB2025002917",2025-03-14 18:41:00,"Ho Chi Minh City","GrabFood","Corporate",51,"New",2.7,"Card","Mobile App",2.61,15.7,14,6.2,"Severe","Clear","None",0,316000,25000,"4.4","4.7","1",NA,"2",18,"Friday","Weekday","Evening",9.97452229299363,FALSE,2.61
"GB2025002919",2025-03-22 17:18:00,"Ho Chi Minh City","GrabFood","Family",38,"Preferred",2.9,"Cash","Mobile App",3.82,19.3,19.3,9.1,"Medium","Cloudy","None",0,121000,20000,"4.9","4.4","1",NA,"2",17,"Saturday","Weekend","Evening",11.8756476683938,FALSE,3.82
"GB2025002920",2025-07-02 14:07:00,"Ho Chi Minh City","GrabMart","Working Professional",22,"Preferred",6,"Cash","Mobile App",6.77,31.6,29.2,3.1,"Low","Rain","None",0,148000,21000,NA,NA,"0","Payment issue","0",14,"Wednesday","Weekday","Afternoon",12.8544303797468,FALSE,6.77
"GB2025002921",2025-05-23 18:10:00,"Ho Chi Minh City","GrabMart","Working Professional",59,"High Performer",3.5,"Cash","Mobile App",2.89,19.5,16.8,8.8,"Severe","Clear","None",0,208000,19000,"4.8","4.8","1",NA,"1",18,"Friday","Weekday","Evening",8.89230769230769,FALSE,2.89
"GB2025002923",2025-05-19 17:02:00,"Can Tho","GrabMart","Tourist",49,"High Performer",2.3,"Cash","Mobile App",4.08,14.9,14.3,2.3,"Low","Clear","RIDE10",5000,342000,24000,"4.4","5","1",NA,"2",17,"Monday","Weekday","Evening",16.4295302013423,FALSE,4.08
"GB2025002931",2025-02-18 17:25:00,"Hanoi","GrabFood","Student",33,"Preferred",1.3,"Moca Wallet","Mobile App",2.87,15.6,20.3,7.8,"High","Clear","None",0,133000,14000,"4.3","4.0","1",NA,"1",17,"Tuesday","Weekday","Evening",11.0384615384615,FALSE,2.87
"GB2025002946",2025-06-07 16:41:00,"Hue","GrabFood","Frequent User",28,"High Performer",3.7,"Cash","Web Booking",5.2,17.3,17.2,6.2,"Medium","Clear","None",0,287000,20000,"4.4","3.8","1",NA,"2",16,"Saturday","Weekend","Afternoon",18.0346820809249,FALSE,5.2
"GB2025002954",2025-05-20 21:55:00,"Can Tho","GrabFood","Working Professional",28,"Standard",2.6,NA,"Mobile App",1.57,7.8,NA,1.8,"High","Cloudy","WELCOME",2000,72000,8000,"4.5","5.0","1",NA,"0",21,"Tuesday","Weekday","Night",12.0769230769231,FALSE,1.57
"GB2025002956",2025-05-15 07:32:00,"Hanoi","GrabFood","Working Professional",24,"Preferred",5.1,"Cash","Mobile App",2.33,9.7,10.7,9,"Medium","Clear","LOYALTY",5000,248000,15000,"5","4.4","1",NA,"1",7,"Thursday","Weekday","Morning",14.4123711340206,FALSE,2.33
"GB2025002963",2025-12-04 02:12:00,"Ho Chi Minh City","GrabMart","Corporate",47,"Preferred",1.2,"Moca Wallet","Mobile App",2.33,12.8,14.7,5.4,"Medium","Rain","WELCOME",3000,52000,8000,NA,NA,"0","App issue","0",2,"Thursday","Weekday","Early Morning",10.921875,FALSE,2.33
"GB2025002965",2025-06-16 19:57:00,"Hue","GrabFood","Tourist",56,"Preferred",3,"Cash","Mobile App",2.95,10.9,10.1,8.4,"High","Cloudy","None",0,171000,20000,"4.4","3.7","1",NA,"2",19,"Monday","Weekday","Evening",16.2385321100917,FALSE,2.95
"GB2025002967",2025-12-21 04:25:00,"Hanoi","GrabFood","Student",18,"New",5.3,"Cash","Mobile App",2.09,8.5,11.1,6.7,"Low","Clear","None",0,217000,20000,"5.0","4.9","1",NA,"2",4,"Sunday","Weekend","Early Morning",14.7529411764706,FALSE,2.09
"GB2025002969",2025-01-02 11:34:00,"Hanoi","GrabFood","Corporate",23,"Preferred",0.9,"Moca Wallet","Mobile App",8.16,32.6,30.6,8.4,"Medium","Clear","None",0,193000,26000,"4.9","4.1","1",NA,"2",11,"Thursday","Weekday","Lunch",15.0184049079755,FALSE,8.16
"GB2025002974",2025-03-29 09:58:00,"Ho Chi Minh City","GrabFood","Student",20,"High Performer",4.3,"Card","Mobile App",1.3,5.1,5.9,9.1,"High","Clear","None",0,128000,17000,"4.7",NA,"1",NA,"1",9,"Saturday","Weekend","Morning",15.2941176470588,FALSE,1.3
"GB2025002980",2025-11-05 16:13:00,"Da Nang","GrabFood","Family",51,"High Performer",7.4,"Card","Mobile App",2.71,9.9,12.9,12.9,"High","Rain","FOOD20",2000,89000,NA,"4.0","4.4","1",NA,"0",16,"Wednesday","Weekday","Afternoon",16.4242424242424,FALSE,2.71
"GB2025002982",2025-03-20 08:37:00,"Ho Chi Minh City","GrabMart","Family",43,"Standard",2.1,"Moca Wallet","Mobile App",4.01,18.9,23.3,7.1,"Low","Clear","None",0,418000,30000,"4.7","5","1",NA,"3",8,"Thursday","Weekday","Morning",12.7301587301587,FALSE,4.01
"GB2025002985",2025-09-25 04:51:00,"Ho Chi Minh City","GrabFood","Student",28,"Standard",3.2,"Moca Wallet","Mobile App",0.81,2.6,3.1,10.3,"Medium","Rain","None",0,149000,16000,"4.3","4.4","1",NA,"1",4,"Thursday","Weekday","Early Morning",18.6923076923077,FALSE,0.81
"GB2025002986",2025-07-14 05:41:00,"Hanoi","GrabFood","Student",61,"Preferred",2.2,"Cash","Mobile App",9.01,36,35.7,8.6,"Medium","Clear","LOYALTY",6000,380000,32000,"4.3",NA,"1",NA,"3",5,"Monday","Weekday","Early Morning",15.0166666666667,FALSE,9.01
"GB2025002987",2025-12-26 01:46:00,"Ho Chi Minh City","GrabFood","Corporate",57,"Preferred",9.8,"Corporate Account","Mobile App",5.31,17.5,15.1,5.2,"Low","Clear","None",0,218000,19000,"4.2","4.6","1",NA,"1",1,"Friday","Weekday","Early Morning",18.2057142857143,FALSE,5.31
"GB2025002990",2025-08-11 11:29:00,"Da Nang","GrabFood","Working Professional",48,"High Performer",3.6,"Card","Mobile App",1.12,4.3,4.6,7.1,"Medium","Cloudy","WELCOME",3000,352000,28000,"4.7","5","1",NA,"2",11,"Monday","Weekday","Lunch",15.6279069767442,FALSE,1.12
"GB2025002995",2025-10-04 01:39:00,"Da Nang","GrabFood","Family",60,"New",3.8,"Moca Wallet","Mobile App",NA,36.6,NA,3.5,"Medium","Clear","None",0,69000,15000,"5","4.7","1",NA,"1",1,"Saturday","Weekend","Early Morning",NA,NA,NA
"GB2025002996",2025-03-24 05:52:00,"Ho Chi Minh City","GrabMart","Working Professional",33,"Standard",2.7,"Corporate Account","Mobile App",5.9,20.3,21,3.3,"Low","Clear","None",0,235000,20000,"4.8","4.7","1",NA,"2",5,"Monday","Weekday","Early Morning",17.4384236453202,FALSE,5.9
"GB2025002999",2025-01-08 01:25:00,"Hanoi","GrabFood","Corporate",NA,"New",4.8,"Moca Wallet","Mobile App",1.21,4.2,4.6,3,"Low","Rain","None",0,62000,8000,"4.1","4.7","1",NA,"0",1,"Wednesday","Weekday","Early Morning",17.2857142857143,FALSE,1.21
"GB2025003000",2025-02-10 05:36:00,"Hai Phong","GrabFood","Frequent User",45,"Preferred",2.6,"Moca Wallet","Mobile App",1.41,4.2,5.1,1.2,"Low","Clear","None",0,378000,16000,"5","4.3","1",NA,"1",5,"Monday","Weekday","Early Morning",20.1428571428571,FALSE,1.41
"GB2025003001",2025-12-20 21:58:00,"Can Tho","GrabFood","Frequent User",36,"Standard",1.1,"Cash","Mobile App",3.93,19.3,25.4,1.8,NA,NA,"None",0,140000,17000,"5.0","3.9","1",NA,"1",21,"Saturday","Weekend","Night",12.2176165803109,FALSE,3.93
"GB2025003002",2025-12-12 16:56:00,"Ho Chi Minh City","GrabFood","Tourist",47,"Preferred",1.5,"Cash","Mobile App",7.76,34.6,42.2,7.6,"Low","Cloudy","LOYALTY",9000,96000,11000,"4.6","4.8","1",NA,"1",16,"Friday","Weekday","Afternoon",13.4566473988439,FALSE,7.76
"GB2025003004",2025-03-09 06:27:00,"Hanoi","GrabFood","Student",21,"New",2.5,"Cash","Mobile App",2.87,17.7,17.4,9.1,"High","Cloudy","None",0,146000,13000,"4.2","3.8","1",NA,"1",6,"Sunday","Weekend","Morning",9.72881355932203,FALSE,2.87
"GB2025003009",2025-01-06 07:56:00,"Hue","GrabFood","Student",59,"New",0.4,"Cash","Mobile App",4.48,22.6,19.3,1.5,"Medium","Cloudy","WELCOME",8000,350000,22000,"5","3.8","1",NA,"2",7,"Monday","Weekday","Morning",11.8938053097345,FALSE,4.48
"GB2025003016",2025-09-05 06:36:00,"Hanoi","GrabFood","Frequent User",59,"New",2.2,"Cash","Mobile App",4.81,13.7,12.4,2.8,"Medium","Rain","FOOD20",3000,449000,31000,NA,NA,"0","Customer changed mind","0",6,"Friday","Weekday","Morning",21.0656934306569,FALSE,4.81
"GB2025003017",2025-04-17 06:35:00,"Hanoi","GrabFood","Student",29,"New",1.1,"Moca Wallet","Mobile App",3.07,10.8,14.3,1.8,"Low","Rain","None",0,150000,11000,"4.6","4.4","1",NA,"1",6,"Thursday","Weekday","Morning",17.0555555555556,FALSE,3.07
"GB2025003023",2025-04-07 17:02:00,"Ho Chi Minh City","GrabMart","Frequent User",53,"High Performer",0.5,"Moca Wallet","Partner App",1.05,6,5.6,9.4,"High","Cloudy","None",0,366000,18000,"4.3","4.5","1",NA,"1",17,"Monday","Weekday","Evening",10.5,FALSE,1.05
"GB2025003025",2025-07-28 12:06:00,"Da Nang","GrabFood","Family",56,"High Performer",1.6,"Moca Wallet","Mobile App",2.97,13.6,13.3,6.9,NA,"Rain","WELCOME",5000,329000,22000,"4.6","4.2","1",NA,"2",12,"Monday","Weekday","Lunch",13.1029411764706,FALSE,2.97
"GB2025003030",2025-04-26 12:11:00,"Bien Hoa","GrabFood","Tourist",56,"Preferred",2.8,"Corporate Account","Mobile App",93.97,18,18.9,1.6,"Low","Cloudy","None",0,309000,29000,"4.7","4.4","1",NA,"2",12,"Saturday","Weekend","Lunch",313.233333333333,TRUE,NA
"GB2025003031",2025-08-13 01:54:00,"Da Nang","GrabFood","Working Professional",37,"Standard",2,"Cash","Mobile App",1.44,5.7,7.4,5.6,"Low","Clear","RIDE10",3000,147000,7000,"4.7","4.3","1",NA,"0",1,"Wednesday","Weekday","Early Morning",15.1578947368421,FALSE,1.44
"GB2025003033",2025-07-10 19:16:00,"Da Nang","GrabFood","Student",54,"Preferred",1.5,"Card","Mobile App",2.64,9,11.4,10.6,"Medium","Rain","None",0,431000,31000,"4.6","4.3","1",NA,"3",19,"Thursday","Weekday","Evening",17.6,FALSE,2.64
"GB2025003035",2025-12-05 14:09:00,"Ho Chi Minh City","GrabFood","Corporate",59,"New",3.4,"Cash","Mobile App",5.9,29.1,25.7,7.4,"Medium","Rain","None",0,2e+05,29000,"4.2",NA,"1",NA,"2",14,"Friday","Weekday","Afternoon",12.1649484536082,FALSE,5.9
"GB2025003038",2025-05-05 07:44:00,"Ho Chi Minh City","GrabFood","Family",28,"New",0.7,"Cash","Mobile App",1.94,4.5,5.4,5.1,"Low","Cloudy","None",0,296000,28000,"5.0","5","1",NA,"2",7,"Monday","Weekday","Morning",25.8666666666667,FALSE,1.94
"GB2025003042",2025-10-06 09:06:00,"Ho Chi Minh City","GrabMart","Corporate",18,"Preferred",2.1,"Card","Partner App",1.03,7,6.6,2.1,"Severe","Cloudy","None",0,230000,12000,"4.3","4.2","1",NA,"1",9,"Monday","Weekday","Morning",8.82857142857143,FALSE,1.03
"GB2025003044",2025-02-15 00:17:00,"Ho Chi Minh City","GrabMart","Working Professional",37,"New",2.3,"Card","Mobile App",6.81,21.9,22.5,7.9,"Low","Clear","RIDE10",4000,64000,13000,"4.5","3.8","1",NA,"1",0,"Saturday","Weekend","Early Morning",18.6575342465753,FALSE,6.81
"GB2025003053",2025-08-31 21:23:00,"Da Nang","GrabFood","Corporate",48,"High Performer",3.1,"Card","Mobile App",5.69,31.1,38.6,9.8,"High","Cloudy","None",0,283000,26000,"4.4","4.6","1",NA,"2",21,"Sunday","Weekend","Night",10.9774919614148,FALSE,5.69
"GB2025003056",2025-03-13 22:34:00,"Hanoi","GrabFood","Student",26,"New",3.2,"Moca Wallet","Mobile App",1.8,5.2,6.2,2,"Low","Clear","None",0,246000,25000,"4.3","4.4","1",NA,"2",22,"Thursday","Weekday","Night",20.7692307692308,FALSE,1.8
"GB2025003060",2025-10-09 06:24:00,"Ho Chi Minh City","GrabFood","Working Professional",62,"Preferred",1.1,"Cash","Mobile App",58.67,3.6,4.5,4,"High","Cloudy","None",0,406000,15000,"4.4","4.4","1",NA,"1",6,"Thursday","Weekday","Morning",977.833333333333,TRUE,NA
"GB2025003063",2025-01-24 11:29:00,"Hanoi","GrabFood","Tourist",39,"Standard",9.4,"Cash","Mobile App",8.34,26.6,25.1,3.2,"High","Clear","WEEKEND",12000,249000,19000,"4.4","5","1",NA,"1",11,"Friday","Weekday","Lunch",18.812030075188,FALSE,8.34
"GB2025003065",2025-08-28 22:19:00,"Ho Chi Minh City","GrabFood","Family",55,"High Performer",2.1,"Moca Wallet","Mobile App",2.47,18.1,17.8,13,"Severe","Clear","WEEKEND",3000,412000,33000,"4.0","4.7","1",NA,"3",22,"Thursday","Weekday","Night",8.1878453038674,FALSE,2.47
"GB2025003066",2025-06-21 02:03:00,"Can Tho","GrabFood","Family",49,"Standard",1,"Cash","Mobile App",1.59,4.5,5.7,4.5,"Medium","Cloudy","None",0,221000,14000,NA,"4.8","1",NA,"1",2,"Saturday","Weekend","Early Morning",21.2,FALSE,1.59
"GB2025003072",2025-01-14 08:28:00,"Ho Chi Minh City","GrabMart","Working Professional",34,"Preferred",0.5,"Moca Wallet","Mobile App",0.98,4.4,4,5.9,"Low","Clear","None",0,333000,18000,"4.2","5.0","1",NA,"1",8,"Tuesday","Weekday","Morning",13.3636363636364,FALSE,0.98
"GB2025003074",2025-08-11 05:18:00,"Hanoi","GrabFood","Student",22,"Preferred",1.9,"Cash","Mobile App",NA,16.9,18.9,10.5,"Medium","Rain","None",0,75000,13000,"4.1","4.6","1",NA,"1",5,"Monday","Weekday","Early Morning",NA,NA,NA
"GB2025003076",2025-02-13 09:04:00,"Ho Chi Minh City","GrabFood","Corporate",41,"High Performer",4.2,"Cash","Mobile App",2.18,11.8,15.2,3.5,"Medium","Clear","None",0,237000,23000,"4.5","5","1",NA,"2",9,"Thursday","Weekday","Morning",11.0847457627119,FALSE,2.18
"GB2025003077",2025-01-22 02:46:00,"Ho Chi Minh City","GrabFood","Corporate",45,"Standard",2.8,"Card","Mobile App",1.73,9.3,11.2,8.7,"Medium","Cloudy","None",0,77000,7000,"5","4.4","1",NA,"0",2,"Wednesday","Weekday","Early Morning",11.1612903225806,FALSE,1.73
"GB2025003085",2025-01-29 16:27:00,"Ho Chi Minh City","GrabFood","Frequent User",52,"High Performer",4.2,"Cash","Mobile App",1.25,7.7,6.6,11,"High","Clear","MART15",2000,190000,13000,"4.7","4.3","1",NA,"1",16,"Wednesday","Weekday","Afternoon",9.74025974025974,FALSE,1.25
"GB2025003087",2025-11-07 13:13:00,"Ho Chi Minh City","GrabFood","Tourist",29,"Preferred",0.5,NA,"Mobile App",3.44,15.6,14.2,1.1,"Low","Clear","None",0,335000,16000,"4.7","4.7","1",NA,"1",13,"Friday","Weekday","Lunch",13.2307692307692,FALSE,3.44
"GB2025003089",2025-12-06 02:37:00,"Ho Chi Minh City","GrabFood","Student",48,"New",4.2,"Cash","Mobile App",9.32,38,38.4,3.4,"Low","Cloudy","None",0,231000,26000,"4.3","4.7","1",NA,"2",2,"Saturday","Weekend","Early Morning",14.7157894736842,FALSE,9.32
"GB2025003096",2025-01-04 03:48:00,"Ho Chi Minh City","GrabMart","Frequent User",29,"High Performer",1,"Card","Mobile App",2.06,12.5,12.9,6.2,"High","Cloudy","FOOD20",6000,136000,9000,"4.1","4.4","1",NA,"0",3,"Saturday","Weekend","Early Morning",9.888,FALSE,2.06
"GB2025003114",2025-11-17 03:50:00,"Can Tho","GrabMart","Frequent User",57,"High Performer",2.4,"Card","Mobile App",3.3,19.5,23.4,7.5,"High","Clear","None",0,388000,24000,"5","4.4","1",NA,"2",3,"Monday","Weekday","Early Morning",10.1538461538462,FALSE,3.3
"GB2025003118",2025-11-18 16:44:00,"Bien Hoa","GrabMart","Working Professional",53,"High Performer",0.8,NA,"Mobile App",2.19,8.9,11.6,7.1,"Medium","Clear","WELCOME",5000,259000,15000,"5",NA,"1",NA,"1",16,"Tuesday","Weekday","Afternoon",14.7640449438202,FALSE,2.19
"GB2025003120",2025-09-09 17:56:00,"Da Nang","GrabFood","Student",39,"Preferred",3.2,"Card","Mobile App",5.67,33.2,42.6,NA,"Severe","Rain","RIDE10",7000,84000,20000,"4.1",NA,"1",NA,"2",17,"Tuesday","Weekday","Evening",10.2469879518072,FALSE,5.67
"GB2025003122",2025-01-04 20:25:00,"Hanoi","GrabMart","Corporate",61,"Preferred",0.6,"Moca Wallet","Mobile App",7.7,25.3,26.6,3.8,"Medium",NA,"None",0,437000,45000,"4.3","5","1",NA,"4",20,"Saturday","Weekend","Evening",18.2608695652174,FALSE,7.7
"GB2025003141",2025-05-27 18:16:00,"Hanoi","GrabFood","Family",30,"Preferred",3.3,"Card","Mobile App",1.45,7.7,7.8,5.3,"High","Clear","WELCOME",4000,286000,14000,"3.9","4.1","1",NA,"1",18,"Tuesday","Weekday","Evening",11.2987012987013,FALSE,1.45
"GB2025003164",2025-02-01 05:34:00,"Ho Chi Minh City","GrabFood","Working Professional",44,"New",2.1,"Card","Mobile App",1.99,11.6,14.7,10.2,"High","Clear","None",0,198000,20000,"4.1","4.1","1",NA,"2",5,"Saturday","Weekend","Early Morning",10.2931034482759,FALSE,1.99
"GB2025003165",2025-06-07 05:38:00,"Ho Chi Minh City","GrabFood","Working Professional",54,"Preferred",4.2,"Moca Wallet","Mobile App",NA,21.8,29.2,1.5,"Low","Clear","LOYALTY",4000,428000,NA,"4.1","4.3","1",NA,"2",5,"Saturday","Weekend","Early Morning",NA,NA,NA
"GB2025003169",2025-04-01 07:32:00,"Ho Chi Minh City","GrabMart","Corporate",30,"Preferred",1.8,"Card","Mobile App",5.01,19.9,17.3,12,"Medium","Rain","RIDE10",4000,401000,37000,"4.7","4.2","1",NA,"3",7,"Tuesday","Weekday","Morning",15.105527638191,FALSE,5.01
"GB2025003178",2025-04-26 04:02:00,"Bien Hoa","GrabMart","Family",26,"High Performer",3.9,"Cash","Mobile App",0.63,3.1,2.9,8.6,"High","Cloudy","None",0,245000,11000,"5","4.7","1",NA,"1",4,"Saturday","Weekend","Early Morning",12.1935483870968,FALSE,0.63
"GB2025003181",2025-12-30 03:00:00,"Ho Chi Minh City","GrabFood","Tourist",NA,"Preferred",1.1,"Moca Wallet","Mobile App",3.46,14.7,14.3,2.3,"Low","Cloudy","None",0,75000,9000,"4.7","4.7","1",NA,"0",3,"Tuesday","Weekday","Early Morning",14.1224489795918,FALSE,3.46
"GB2025003183",2025-04-25 17:45:00,"Nha Trang","GrabMart","Student",30,"New",2.7,"Moca Wallet","Mobile App",1.96,10.5,9.1,6.1,"High","Clear","WEEKEND",1000,335000,19000,NA,"4.8","1",NA,"1",17,"Friday","Weekday","Evening",11.2,FALSE,1.96
"GB2025003187",2025-09-20 15:28:00,"Ho Chi Minh City","GrabFood","Corporate",24,"High Performer",1.1,"Corporate Account","Mobile App",4.11,13.7,16.8,9.5,"Medium","Clear","WEEKEND",2000,210000,16000,"4.8","4.6","1",NA,"1",15,"Saturday","Weekend","Afternoon",18,FALSE,4.11
"GB2025003188",2025-07-27 04:48:00,"Hanoi","GrabFood","Frequent User",21,"Standard",2.7,"Card","Mobile App",5.11,16.4,17.6,3.5,"Medium","Clear","WELCOME",3000,357000,18000,"5","3.9","1",NA,"1",4,"Sunday","Weekend","Early Morning",18.6951219512195,FALSE,5.11
"GB2025003190",2025-12-17 10:35:00,"Da Nang","GrabFood","Family",43,"High Performer",2.1,"Moca Wallet","Mobile App",4.75,25.4,32.1,7,"High","Cloudy","None",0,347000,37000,"4.8","4.7","1",NA,"3",10,"Wednesday","Weekday","Morning",11.2204724409449,FALSE,4.75
"GB2025003195",2025-08-12 10:43:00,"Ho Chi Minh City","GrabFood","Family",19,"Standard",2.2,"Cash","Mobile App",1.31,4.8,4.9,7.3,"Medium","Clear","None",0,208000,13000,"4.5","4.1","1",NA,"1",10,"Tuesday","Weekday","Morning",16.375,FALSE,1.31
"GB2025003196",2025-03-20 10:26:00,"Hai Phong","GrabFood","Frequent User",31,"Standard",2.5,"Card","Mobile App",4.87,22.7,23.8,13.2,"High","Rain","None",0,211000,18000,"5","4.4","1",NA,"1",10,"Thursday","Weekday","Morning",12.8722466960352,FALSE,4.87
"GB2025003199",2025-05-28 21:01:00,"Can Tho","GrabFood","Corporate",30,"Standard",3.1,"Moca Wallet","Mobile App",3.41,17.5,15.4,1.9,"Medium","Cloudy","None",0,159000,16000,"4.3","5","1",NA,"1",21,"Wednesday","Weekday","Night",11.6914285714286,FALSE,3.41
"GB2025003201",2025-11-09 23:01:00,"Hai Phong","GrabFood","Tourist",46,"New",2.3,"Card","Mobile App",5.06,25.8,27.3,9.3,"High","Rain","RIDE10",8000,358000,11000,"3.7","4.1","1",NA,"1",23,"Sunday","Weekend","Night",11.7674418604651,FALSE,5.06
"GB2025003202",2025-04-17 13:28:00,"Nha Trang","GrabFood","Corporate",18,"Preferred",6.4,"Cash","Mobile App",3.16,19.5,20.9,9,"Severe","Rain","None",0,198000,20000,"4.6","3.8","1",NA,"2",13,"Thursday","Weekday","Lunch",9.72307692307692,FALSE,3.16
"GB2025003214",2025-01-08 06:03:00,"Hanoi","GrabFood","Student",41,"High Performer",3.7,"Cash","Mobile App",1.65,6.7,7.3,NA,"Low","Clear","WELCOME",1000,446000,25000,"4.6","4.3","1",NA,"2",6,"Wednesday","Weekday","Morning",14.7761194029851,FALSE,1.65
"GB2025003215",2025-12-18 07:04:00,"Can Tho","GrabFood","Tourist",57,"Standard",0.6,"Cash","Mobile App",1.61,8.1,7.3,9.2,"Medium","Cloudy","FOOD20",2000,201000,15000,NA,NA,"0","Customer changed mind","0",7,"Thursday","Weekday","Morning",11.9259259259259,FALSE,1.61
"GB2025003216",2025-06-03 05:18:00,"Bien Hoa","GrabFood","Working Professional",56,"High Performer",3.5,"Moca Wallet","Mobile App",5.66,26.5,32.4,4.3,"Low","Clear","None",0,146000,16000,NA,"4.7","1",NA,"1",5,"Tuesday","Weekday","Early Morning",12.8150943396226,FALSE,5.66
"GB2025003217",2025-12-24 18:52:00,"Nha Trang","GrabMart","Corporate",23,"High Performer",3.3,"Corporate Account","Mobile App",2.02,9.7,9.5,NA,"Medium","Cloudy","None",0,318000,29000,"5","3.8","1",NA,"2",18,"Wednesday","Weekday","Evening",12.4948453608247,FALSE,2.02
"GB2025003219",2025-02-01 13:24:00,"Hai Phong","GrabMart","Corporate",44,"Standard",5,"Card","Mobile App",8.28,32.9,38,9.4,"Medium","Clear","None",0,317000,35000,"5","5","1",NA,"3",13,"Saturday","Weekend","Lunch",15.1003039513678,FALSE,8.28
"GB2025003227",2025-12-05 04:40:00,"Hai Phong","GrabFood","Corporate",45,"Standard",3.4,"Moca Wallet","Mobile App",1.99,9.3,11,6.1,"High","Cloudy","None",0,110000,13000,"4.5","4.2","1",NA,"1",4,"Friday","Weekday","Early Morning",12.8387096774194,FALSE,1.99
"GB2025003235",2025-08-15 05:21:00,"Hanoi","GrabFood","Corporate",22,"Preferred",2.4,"Moca Wallet","Mobile App",3.63,11.2,10.9,3,"High","Clear","None",0,54000,11000,"3.8","4.1","1",NA,"1",5,"Friday","Weekday","Early Morning",19.4464285714286,FALSE,3.63
"GB2025003249",2025-04-28 12:59:00,"Bien Hoa","GrabFood","Corporate",36,"Preferred",0.8,"Cash","Mobile App",2.14,6.1,5.4,2.3,"Medium","Cloudy","WELCOME",2000,267000,22000,"4.4","3.4","1",NA,"2",12,"Monday","Weekday","Lunch",21.0491803278689,FALSE,2.14
"GB2025003251",2025-08-13 20:52:00,"Ho Chi Minh City","GrabMart","Corporate",44,"Standard",1.1,"Card","Partner App",4.78,20.6,24.8,5.9,"Medium","Heavy Rain","LOYALTY",2000,62000,11000,"4.3","5.0","1",NA,"1",20,"Wednesday","Weekday","Evening",13.9223300970874,FALSE,4.78
"GB2025003252",2025-06-24 03:41:00,"Ho Chi Minh City","GrabFood","Working Professional",57,"New",1.8,"Moca Wallet","Mobile App",9.28,21.2,NA,7.3,"Low","Rain","None",0,404000,35000,"4.6","4.7","1",NA,"3",3,"Tuesday","Weekday","Early Morning",26.2641509433962,FALSE,9.28
"GB2025003253",2025-01-06 17:47:00,"Ho Chi Minh City","GrabMart","Frequent User",59,"High Performer",3.7,"Cash","Mobile App",4.63,17.4,18.6,3.1,NA,"Clear","None",0,212000,21000,NA,NA,"0","Driver unavailable","0",17,"Monday","Weekday","Evening",15.9655172413793,FALSE,4.63
"GB2025003256",2025-05-24 19:07:00,"Ho Chi Minh City","GrabFood","Frequent User",43,"Preferred",6.6,"Cash","Mobile App",4.25,13.1,15,5.1,"Low","Clear","None",0,362000,24000,"4.4","4.7","1",NA,"2",19,"Saturday","Weekend","Evening",19.4656488549618,FALSE,4.25
"GB2025003257",2025-01-26 17:52:00,"Da Nang","GrabFood","Family",20,"Preferred",NA,"Card","Mobile App",4.21,23,28,7.9,"High","Rain","None",0,199000,22000,"4.7","4.4","1",NA,"2",17,"Sunday","Weekend","Evening",10.9826086956522,FALSE,4.21
"GB2025003258",2025-06-01 15:15:00,"Hai Phong","GrabFood","Family",52,"High Performer",3.6,"Cash","Mobile App",3.28,10,13.1,7,"Low","Cloudy","None",0,156000,10000,"4.5","4.5","1",NA,"1",15,"Sunday","Weekend","Afternoon",19.68,FALSE,3.28
"GB2025003260",2025-04-19 18:44:00,"Hai Phong","GrabMart","Family",40,"High Performer",3.9,"Cash","Mobile App",1.4,8.9,7.9,2.3,"High","Clear","None",0,57000,9000,"4.4","5","1",NA,"0",18,"Saturday","Weekend","Evening",9.43820224719101,FALSE,1.4
"GB2025003262",2025-07-27 17:11:00,"Hanoi","GrabMart","Working Professional",60,"Standard",5.2,"Cash","Mobile App",8.22,55.2,52.7,15.6,"Severe","Clear","None",0,107000,24000,NA,NA,"0","Long wait time","0",17,"Sunday","Weekend","Evening",8.93478260869565,FALSE,8.22
"GB2025003275",2025-01-04 05:39:00,"Da Nang","GrabMart","Working Professional",43,"High Performer",1,"Card","Mobile App",4.47,17.9,17.7,1.8,"Medium","Clear","MART15",6000,316000,26000,"4.9","4.9","1",NA,"2",5,"Saturday","Weekend","Early Morning",14.9832402234637,FALSE,4.47
"GB2025003276",2025-12-31 11:45:00,"Da Nang","GrabFood","Tourist",52,"New",1.8,"Cash","Mobile App",1.71,3.9,5,7.2,"Low","Clear","None",0,152000,8000,"4.7","4.7","1",NA,"0",11,"Wednesday","Weekday","Lunch",26.3076923076923,FALSE,1.71
"GB2025003295",2025-05-22 15:50:00,"Hanoi","GrabFood","Family",49,"High Performer",8.1,"Moca Wallet","Mobile App",NA,5.5,6.1,4,"Medium","Heavy Rain","None",0,164000,9000,"4.3","4.9","1",NA,"0",15,"Thursday","Weekday","Afternoon",NA,NA,NA
"GB2025003302",2025-05-18 12:25:00,"Nha Trang","GrabMart","Student",55,"Standard",NA,"Corporate Account","Mobile App",1.3,6.9,6.1,1.7,"High","Clear","None",0,310000,20000,"5","3.8","1",NA,"2",12,"Sunday","Weekend","Lunch",11.304347826087,FALSE,1.3
"GB2025003305",2025-01-23 02:04:00,"Bien Hoa","GrabFood","Tourist",52,"High Performer",4.1,"Corporate Account","Mobile App",5.5,17.9,20.1,7.2,"Low",NA,"None",0,211000,16000,"4.2","4.1","1",NA,"1",2,"Thursday","Weekday","Early Morning",18.4357541899441,FALSE,5.5
"GB2025003307",2025-12-04 05:07:00,"Hai Phong","GrabFood","Family",47,"High Performer",2,"Cash","Mobile App",2.23,5.3,6.5,7.6,"Low","Clear","WEEKEND",4000,75000,7000,"4.6","4.8","1",NA,"0",5,"Thursday","Weekday","Early Morning",25.2452830188679,FALSE,2.23
"GB2025003309",2025-09-15 03:23:00,"Ho Chi Minh City","GrabFood","Tourist",57,"New",1,"Card","Mobile App",NA,22.5,21.8,4.1,"Medium","Rain","None",0,398000,24000,"4.7","4.3","1",NA,"2",3,"Monday","Weekday","Early Morning",NA,NA,NA
"GB2025003317",2025-11-11 09:48:00,"Da Nang","GrabMart","Student",50,"Preferred",1.8,"Cash","Mobile App",2.61,10.3,9,10.7,"High","Clear","FOOD20",5000,64000,5000,"4.9","4.0","1",NA,"0",9,"Tuesday","Weekday","Morning",15.2038834951456,FALSE,2.61
"GB2025003318",2025-11-19 08:58:00,"Hanoi","GrabFood","Family",62,"Standard",NA,"Card","Mobile App",3.13,15.2,15.6,7.6,"High","Cloudy","None",0,348000,26000,"5","3.4","1",NA,"2",8,"Wednesday","Weekday","Morning",12.3552631578947,FALSE,3.13
"GB2025003323",2025-12-03 18:56:00,"Da Nang","GrabFood","Corporate",20,"Preferred",2.7,"Card","Mobile App",6.36,26.8,30.4,6.5,"Medium","Clear","LOYALTY",10000,270000,19000,"3.8","4.2","1",NA,"1",18,"Wednesday","Weekday","Evening",14.2388059701493,FALSE,6.36
"GB2025003324",2025-04-24 08:27:00,"Hai Phong","GrabFood","Working Professional",22,"Preferred",0.5,"Cash","Mobile App",3.08,16.1,19.1,8.7,"High","Clear","FOOD20",4000,261000,21000,NA,NA,"0","Payment issue","0",8,"Thursday","Weekday","Morning",11.4782608695652,FALSE,3.08
"GB2025003325",2025-09-22 19:24:00,"Can Tho","GrabFood","Frequent User",41,"Standard",1.9,"Moca Wallet","Mobile App",6.83,43.9,42.6,6.9,"Severe","Cloudy","WELCOME",6000,269000,25000,"5.0","5","1",NA,"2",19,"Monday","Weekday","Evening",9.33485193621868,FALSE,6.83
"GB2025003333",2025-11-21 20:49:00,"Hanoi","GrabFood","Corporate",30,"High Performer",0.8,"Cash","Partner App",3.18,11.9,13.7,1.6,"Low","Cloudy","None",0,61000,14000,"4.0","5","1",NA,"1",20,"Friday","Weekday","Evening",16.0336134453782,FALSE,3.18
"GB2025003336",2025-11-20 13:15:00,"Ho Chi Minh City","GrabFood","Family",58,"Standard",3.6,"Cash","Mobile App",2.64,12.3,15.2,4.5,"Medium","Clear","WEEKEND",2000,262000,13000,"4.4","5.0","1",NA,"1",13,"Thursday","Weekday","Lunch",12.8780487804878,FALSE,2.64
"GB2025003339",2025-10-09 22:17:00,"Hanoi","GrabFood","Corporate",26,"New",6.9,"Moca Wallet","Mobile App",1.14,3.7,3.6,5.6,"Medium","Clear","None",0,443000,27000,"4.4","5","1",NA,"2",22,"Thursday","Weekday","Night",18.4864864864865,FALSE,1.14
"GB2025003342",2025-07-15 01:19:00,"Hanoi","GrabFood","Frequent User",41,"New",0.7,"Moca Wallet","Mobile App",3.39,10,9,5.8,"Low","Clear","None",0,319000,26000,"4.1",NA,"1",NA,"2",1,"Tuesday","Weekday","Early Morning",20.34,FALSE,3.39
"GB2025003344",2025-06-07 01:46:00,"Da Nang","GrabFood","Frequent User",39,"High Performer",2.2,"Moca Wallet","Mobile App",2.12,6.8,6.6,1.6,"Low","Clear","WEEKEND",2000,369000,25000,"4.5","4.3","1",NA,"2",1,"Saturday","Weekend","Early Morning",18.7058823529412,FALSE,2.12
"GB2025003348",2025-12-05 18:38:00,"Da Nang","GrabFood","Family",56,"Preferred",NA,"Cash","Mobile App",1.99,7.7,7.3,10.6,"High","Cloudy","None",0,321000,20000,"4.5","4.6","1",NA,"2",18,"Friday","Weekday","Evening",15.5064935064935,FALSE,1.99
"GB2025003350",2025-11-05 11:49:00,"Hanoi","GrabMart","Working Professional",44,"New",0.1,"Moca Wallet","Mobile App",3.18,9.9,9,6.4,"Low","Clear","WELCOME",2000,131000,12000,"4.1","4.1","1",NA,"1",11,"Wednesday","Weekday","Lunch",19.2727272727273,FALSE,3.18
"GB2025003357",2025-05-21 12:29:00,"Hai Phong","GrabFood","Working Professional",39,"High Performer",2.2,"Card","Mobile App",3.43,11.3,14.9,1.8,"Medium","Clear","WEEKEND",3000,406000,33000,"4.1","4.5","1",NA,"3",12,"Wednesday","Weekday","Lunch",18.212389380531,FALSE,3.43
"GB2025003366",2025-04-20 00:52:00,"Hanoi","GrabFood","Working Professional",39,"New",1.1,"Cash","Mobile App",1.36,6.4,6.5,10.9,"High","Clear","None",0,145000,9000,"4.3","4.6","1",NA,"0",0,"Sunday","Weekend","Early Morning",12.75,FALSE,1.36
"GB2025003368",2025-12-07 17:39:00,"Ho Chi Minh City","GrabMart","Student",38,"New",1.7,"Cash","Mobile App",4.94,21.8,23.2,6,"Medium","Cloudy","None",0,394000,35000,"4.4","5.0","1",NA,"3",17,"Sunday","Weekend","Evening",13.5963302752294,FALSE,4.94
"GB2025003369",2025-08-31 11:35:00,"Hanoi","GrabFood","Family",39,"Preferred",1.6,"Cash","Mobile App",1.97,8.9,12,6.4,"High","Cloudy","WEEKEND",4000,425000,31000,"4.3","4.8","1",NA,"3",11,"Sunday","Weekend","Lunch",13.2808988764045,FALSE,1.97
"GB2025003374",2025-11-09 05:14:00,"Hai Phong","GrabFood","Family",49,"Preferred",3.4,"Moca Wallet","Mobile App",9.32,22.5,23.8,9.9,"Low","Rain","None",0,170000,23000,"4.4","4.3","1",NA,"2",5,"Sunday","Weekend","Early Morning",24.8533333333333,FALSE,9.32
"GB2025003375",2025-04-09 20:01:00,"Hue","GrabFood","Family",19,"Preferred",1,"Cash","Mobile App",3.39,17.2,19.1,5.8,"Medium","Clear","None",0,285000,25000,"5","4.2","1",NA,"2",20,"Wednesday","Weekday","Evening",11.8255813953488,FALSE,3.39
"GB2025003376",2025-01-15 12:08:00,"Da Nang","GrabMart","Tourist",32,"Standard",4.5,"Cash","Mobile App",5.64,26.5,34,3.4,"Low","Clear",NA,4000,92000,12000,"4.5","5","1",NA,"1",12,"Wednesday","Weekday","Lunch",12.7698113207547,FALSE,5.64
"GB2025003379",2025-07-14 17:20:00,"Hanoi","GrabFood","Working Professional",45,"High Performer",1.7,"Moca Wallet","Mobile App",2.31,10.9,11.8,7.3,"Medium","Rain","None",0,62000,10000,NA,"4.0","1",NA,"1",17,"Monday","Weekday","Evening",12.7155963302752,FALSE,2.31
"GB2025003382",2025-02-15 13:53:00,"Ho Chi Minh City","GrabFood","Working Professional",31,"Preferred",4.4,"Cash","Mobile App",2.45,11.9,15,4.9,"Medium","Cloudy","WELCOME",3000,339000,27000,"4.5","4.7","1",NA,"2",13,"Saturday","Weekend","Lunch",12.3529411764706,FALSE,2.45
"GB2025003390",2025-09-27 16:52:00,"Ho Chi Minh City","GrabFood","Student",40,"New",6.1,"Cash","Mobile App",4.75,18.2,18.9,7.8,"Medium","Heavy Rain","WEEKEND",7000,126000,10000,"3.9","4.4","1",NA,"1",16,"Saturday","Weekend","Afternoon",15.6593406593407,FALSE,4.75
"GB2025003392",2025-05-16 03:31:00,"Nha Trang","GrabFood","Family",34,"High Performer",NA,"Moca Wallet","Mobile App",4.65,12,13.3,3.9,"Medium","Cloudy","WEEKEND",6000,139000,10000,"4.0","4.0","1",NA,"1",3,"Friday","Weekday","Early Morning",23.25,FALSE,4.65
"GB2025003394",2025-06-21 00:36:00,"Hai Phong","GrabFood","Family",30,"High Performer",4.6,"Cash","Mobile App",2.5,8.8,11.3,NA,"Low","Clear","LOYALTY",1000,169000,15000,"5.0","4.8","1",NA,"1",0,"Saturday","Weekend","Early Morning",17.0454545454545,FALSE,2.5
"GB2025003397",2025-06-04 15:52:00,"Ho Chi Minh City","GrabFood","Working Professional",59,"Preferred",5.4,"Moca Wallet","Mobile App",2.7,10.5,9.9,12.3,"High","Cloudy","WEEKEND",3000,80000,7000,"4.4","4.1","1",NA,"0",15,"Wednesday","Weekday","Afternoon",15.4285714285714,FALSE,2.7
"GB2025003400",2025-03-06 14:10:00,"Hue","GrabFood","Frequent User",40,"New",4.5,"Moca Wallet","Mobile App",3.62,11.8,12.1,6.2,"Low","Rain","FOOD20",2000,213000,21000,"4.6","4.6","1",NA,"2",14,"Thursday","Weekday","Afternoon",18.4067796610169,FALSE,3.62
"GB2025003402",2025-07-09 00:22:00,"Hai Phong","GrabMart","Working Professional",32,"Preferred",2.5,"Card","Mobile App",2.22,16.2,18.3,2.4,"Severe","Cloudy","WEEKEND",3000,426000,20000,"4.7","4.4","1",NA,"2",0,"Wednesday","Weekday","Early Morning",8.22222222222222,FALSE,2.22
"GB2025003408",2025-08-09 04:25:00,"Ho Chi Minh City","GrabFood","Student",47,"Standard",5.8,"Card","Mobile App",2.52,7.9,9.5,1.3,"Low","Clear","RIDE10",4000,247000,8000,"4.5","4.7","1",NA,"0",4,"Saturday","Weekend","Early Morning",19.1392405063291,FALSE,2.52
"GB2025003411",2025-09-18 11:16:00,"Da Nang","GrabMart","Working Professional",49,"High Performer",5.8,"Card","Partner App",1.25,4.2,3.6,8.8,"Medium","Rain","None",0,399000,23000,"4.7","4.5","1",NA,"2",11,"Thursday","Weekday","Lunch",17.8571428571429,FALSE,1.25
"GB2025003413",2025-11-12 16:28:00,"Bien Hoa","GrabFood","Working Professional",33,"High Performer",0.7,"Cash","Mobile App",2.2,6.1,8.2,2.9,"Low","Clear","RIDE10",1000,328000,20000,"4.3","4.8","1",NA,"2",16,"Wednesday","Weekday","Afternoon",21.6393442622951,FALSE,2.2
"GB2025003414",2025-09-16 03:40:00,"Da Nang","GrabFood","Family",41,"New",0.6,"Moca Wallet","Mobile App",3.33,16.9,22.6,5.8,"Medium","Clear","None",0,301000,27000,"4.3","4.5","1",NA,"2",3,"Tuesday","Weekday","Early Morning",11.8224852071006,FALSE,3.33
"GB2025003415",2025-08-08 16:53:00,"Ho Chi Minh City","GrabMart","Working Professional",27,"Standard",2.9,"Moca Wallet","Partner App",11.7,56.3,70.3,8.9,"Severe","Clear","LOYALTY",12000,275000,26000,"4.0","4.5","1",NA,"2",16,"Friday","Weekday","Afternoon",12.4689165186501,FALSE,11.7
"GB2025003423",2025-04-10 21:29:00,"Ho Chi Minh City","GrabFood","Student",41,"Standard",1.8,"Card","Mobile App",2.36,10.4,11,4.3,"Low","Clear","None",0,270000,20000,"4.4","4.3","1",NA,"2",21,"Thursday","Weekday","Night",13.6153846153846,FALSE,2.36
"GB2025003429",2025-12-27 15:07:00,"Da Nang","GrabFood","Tourist",45,"High Performer",1.2,"Cash","Mobile App",6.98,32.5,42.1,10.1,"Severe","Cloudy","None",0,324000,26000,"4.7","4.7","1",NA,"2",15,"Saturday","Weekend","Afternoon",12.8861538461538,FALSE,6.98
"GB2025003434",2025-11-19 01:14:00,"Hanoi","GrabFood","Corporate",54,"Preferred",1.2,"Card","Mobile App",4.7,17.7,17.2,6.7,"Low","Clear","LOYALTY",4000,301000,11000,"3.9","4.0","1",NA,"1",1,"Wednesday","Weekday","Early Morning",15.9322033898305,FALSE,4.7
"GB2025003435",2025-09-22 00:48:00,"Can Tho","GrabMart","Family",46,"Preferred",4.5,"Cash","Mobile App",4.03,13.2,13.8,12.9,"Medium",NA,"WEEKEND",3000,296000,24000,"4.3","3.9","1",NA,"2",0,"Monday","Weekday","Early Morning",18.3181818181818,FALSE,4.03
"GB2025003440",2025-12-26 19:25:00,"Hanoi","GrabMart","Student",29,"High Performer",1.2,"Card","Mobile App",16.2,109.7,101.6,8.8,"Severe","Cloudy","None",0,406000,64000,"5.0","5","1",NA,"6",19,"Friday","Weekday","Evening",8.86052871467639,FALSE,16.2
"GB2025003442",2025-08-27 23:04:00,"Bien Hoa","GrabFood","Tourist",51,"New",0.4,"Card","Mobile App",4.77,24.4,22.4,5.4,"Medium","Clear","RIDE10",4000,399000,32000,"4.3","4.6","1",NA,"3",23,"Wednesday","Weekday","Night",11.7295081967213,FALSE,4.77
"GB2025003446",2025-11-17 01:53:00,"Da Nang","GrabMart","Frequent User",42,"Preferred",2.2,"Cash","Mobile App",1.66,7.7,8.6,11.5,"High","Cloudy","RIDE10",4000,392000,22000,NA,NA,"0","Customer changed mind","0",1,"Monday","Weekday","Early Morning",12.9350649350649,FALSE,1.66
"GB2025003450",2025-01-13 13:21:00,"Hanoi","GrabFood","Student",27,"Standard",3.2,"Card","Mobile App",2.42,13.1,13.4,11.4,"Medium","Rain","None",0,132000,16000,"4.7","4.1","1",NA,"1",13,"Monday","Weekday","Lunch",11.0839694656489,FALSE,2.42
"GB2025003452",2025-09-29 18:53:00,"Ho Chi Minh City","GrabFood","Corporate",33,"High Performer",6.5,"Moca Wallet","Mobile App",2.51,17.2,16.8,4.9,"Severe","Cloudy","WEEKEND",7000,94000,5000,"4.2","5","1",NA,"0",18,"Monday","Weekday","Evening",8.75581395348837,FALSE,2.51
"GB2025003453",2025-07-18 02:01:00,"Da Nang","GrabFood","Family",23,"High Performer",2.6,"Cash","Mobile App",12.3,47.6,56.7,3.8,"Low","Clear","None",0,55000,16000,"4.3","4.8","1",NA,"1",2,"Friday","Weekday","Early Morning",15.5042016806723,FALSE,12.3
"GB2025003458",2025-07-06 11:33:00,"Bien Hoa","GrabFood","Student",45,"Standard",0.2,"Card","Mobile App",3.83,20.2,18.9,1.8,"Medium","Clear","WEEKEND",5000,4e+05,22000,NA,NA,"0","App issue","0",11,"Sunday","Weekend","Lunch",11.3762376237624,FALSE,3.83
"GB2025003460",2025-05-10 23:43:00,"Da Nang","GrabMart","Working Professional",41,"New",NA,"Card","Mobile App",2.4,8.4,7.2,8.7,"Medium","Cloudy",NA,0,80000,10000,"4.3","4.1","1",NA,"1",23,"Saturday","Weekend","Night",17.1428571428571,FALSE,2.4
"GB2025003467",2025-01-05 23:52:00,"Ho Chi Minh City","GrabFood","Corporate",36,"Preferred",2.2,"Card","Mobile App",2.25,13.9,17,10.9,"High","Clear","WEEKEND",5000,118000,10000,"4.2","5","1",NA,"1",23,"Sunday","Weekend","Night",9.71223021582734,FALSE,2.25
"GB2025003468",2025-09-04 04:03:00,"Da Nang","GrabFood","Corporate",56,"Preferred",5.4,"Card","Mobile App",3.87,15.5,16.1,5.5,"Low","Cloudy","None",0,99000,13000,"5","4.1","1",NA,"1",4,"Thursday","Weekday","Early Morning",14.9806451612903,FALSE,3.87
"GB2025003472",2025-10-14 08:22:00,"Hanoi","GrabFood","Corporate",51,"Standard",2.4,"Moca Wallet","Partner App",0.81,3.7,3.7,5.9,"Medium","Clear","WEEKEND",3000,313000,27000,"4.7","4.8","1",NA,"2",8,"Tuesday","Weekday","Morning",13.1351351351351,FALSE,0.81
"GB2025003485",2025-06-29 18:41:00,"Hanoi","GrabFood","Working Professional",60,"New",7.1,"Moca Wallet","Mobile App",7.08,30.4,26.1,11.2,"Medium","Heavy Rain","WEEKEND",10000,178000,6000,"4.4","5","1",NA,"0",18,"Sunday","Weekend","Evening",13.9736842105263,FALSE,7.08
